Year_start,Year_end,Age,Female,Male,Total
1935,1939,0,0.051988,0.066335,0.059298
1935,1939,1,0.007498,0.008543,0.008028
1935,1939,2,0.003461,0.004044,0.003756
1935,1939,3,0.002413,0.002809,0.002613
1935,1939,4,0.001957,0.002218,0.002089
1935,1939,5,0.001619,0.001869,0.001746
1935,1939,6,0.001409,0.001699,0.001556
1935,1939,7,0.001241,0.001557,0.001402
1935,1939,8,0.001111,0.001443,0.00128
1935,1939,9,0.001018,0.001357,0.00119
1935,1939,10,0.000962,0.001299,0.001133
1935,1939,11,0.000958,0.001298,0.00113
1935,1939,12,0.001009,0.001357,0.001185
1935,1939,13,0.001113,0.001474,0.001295
1935,1939,14,0.001273,0.001653,0.001464
1935,1939,15,0.00148,0.001888,0.001685
1935,1939,16,0.001691,0.002129,0.00191
1935,1939,17,0.001896,0.002364,0.00213
1935,1939,18,0.002092,0.002589,0.002339
1935,1939,19,0.002272,0.002794,0.002531
1935,1939,20,0.002435,0.002972,0.0027
1935,1939,21,0.00258,0.00312,0.002847
1935,1939,22,0.002709,0.003241,0.002971
1935,1939,23,0.002825,0.003338,0.003078
1935,1939,24,0.002931,0.003416,0.00317
1935,1939,25,0.00303,0.003483,0.003253
1935,1939,26,0.00312,0.003557,0.003335
1935,1939,27,0.003201,0.003643,0.003419
1935,1939,28,0.00327,0.003737,0.003501
1935,1939,29,0.003325,0.003839,0.003579
1935,1939,30,0.003372,0.003953,0.003659
1935,1939,31,0.003449,0.004101,0.003772
1935,1939,32,0.003568,0.004293,0.003927
1935,1939,33,0.003732,0.004531,0.004128
1935,1939,34,0.003947,0.004818,0.00438
1935,1939,35,0.004206,0.005152,0.004677
1935,1939,36,0.00447,0.005512,0.004989
1935,1939,37,0.004722,0.005887,0.005304
1935,1939,38,0.004956,0.006268,0.005613
1935,1939,39,0.00516,0.006647,0.005907
1935,1939,40,0.005341,0.00702,0.006186
1935,1939,41,0.005535,0.007405,0.006479
1935,1939,42,0.005761,0.007819,0.006803
1935,1939,43,0.006041,0.008286,0.007181
1935,1939,44,0.00639,0.008827,0.007632
1935,1939,45,0.006817,0.009454,0.008165
1935,1939,46,0.00731,0.010157,0.008771
1935,1939,47,0.007866,0.010937,0.009447
1935,1939,48,0.008477,0.011789,0.010187
1935,1939,49,0.00914,0.012718,0.010992
1935,1939,50,0.009852,0.013728,0.011862
1935,1939,51,0.010585,0.014779,0.012762
1935,1939,52,0.011334,0.015868,0.013687
1935,1939,53,0.012093,0.016983,0.01463
1935,1939,54,0.012849,0.018103,0.015573
1935,1939,55,0.013608,0.019225,0.016516
1935,1939,56,0.014452,0.020422,0.017538
1935,1939,57,0.015415,0.021726,0.018671
1935,1939,58,0.016528,0.023174,0.019948
1935,1939,59,0.017828,0.024806,0.021409
1935,1939,60,0.019332,0.026644,0.023075
1935,1939,61,0.021034,0.028721,0.024958
1935,1939,62,0.022939,0.031047,0.027067
1935,1939,63,0.025068,0.033646,0.029423
1935,1939,64,0.027463,0.036567,0.032074
1935,1939,65,0.030144,0.039813,0.03503
1935,1939,66,0.032974,0.043154,0.038108
1935,1939,67,0.035955,0.046559,0.041294
1935,1939,68,0.039102,0.05005,0.044604
1935,1939,69,0.042423,0.053611,0.048034
1935,1939,70,0.045992,0.057361,0.051679
1935,1939,71,0.050117,0.06179,0.055935
1935,1939,72,0.054979,0.067157,0.061023
1935,1939,73,0.060685,0.073571,0.06705
1935,1939,74,0.06737,0.081166,0.074151
1935,1939,75,0.073544,0.08828,0.080744
1935,1939,76,0.080716,0.096475,0.088375
1935,1939,77,0.088196,0.104975,0.096303
1935,1939,78,0.096155,0.113905,0.104679
1935,1939,79,0.104537,0.123102,0.113394
1935,1939,80,0.108233,0.129853,0.11833
1935,1939,81,0.117598,0.140073,0.128006
1935,1939,82,0.128379,0.151945,0.139186
1935,1939,83,0.140612,0.165416,0.151863
1935,1939,84,0.154015,0.180052,0.165681
1935,1939,85,0.168238,0.195371,0.180228
1935,1939,86,0.183216,0.211287,0.19544
1935,1939,87,0.198955,0.227801,0.211326
1935,1939,88,0.215075,0.244455,0.22748
1935,1939,89,0.230628,0.260368,0.242986
1935,1939,90,0.244299,0.274251,0.256542
1935,1939,91,0.256445,0.284885,0.267879
1935,1939,92,0.267179,0.291332,0.276741
1935,1939,93,0.275676,0.29285,0.282387
1935,1939,94,0.282689,0.293543,0.286887
1935,1939,95,0.291696,0.302663,0.295902
1935,1939,96,0.29616,0.308573,0.300879
1935,1939,97,0.293448,0.306745,0.298437
1935,1939,98,0.288948,0.301324,0.293513
1935,1939,99,0.300632,0.309182,0.303729
1935,1939,100,0.390916,0.391076,0.390973
1935,1939,101,0.40909,0.40671,0.408252
1935,1939,102,0.42776,0.423112,0.426149
1935,1939,103,0.446067,0.439209,0.443724
1935,1939,104,0.463792,0.452683,0.460041
1935,1939,105,0.483388,0.464939,0.477241
1935,1939,106,0.505002,0.480404,0.496938
1935,1939,107,0.528307,0.500978,0.5195
1935,1939,108,0.55604,0.530924,0.548139
1935,1939,109,0.588795,0.588695,0.588765
1935,1939,110,0.655324,0.75541,0.678164
1940,1944,0,0.042452,0.054028,0.048376
1940,1944,1,0.004535,0.00515,0.004848
1940,1944,2,0.002182,0.002621,0.002405
1940,1944,3,0.00157,0.001855,0.001714
1940,1944,4,0.001271,0.001477,0.001375
1940,1944,5,0.001072,0.001307,0.001191
1940,1944,6,0.000946,0.001228,0.001089
1940,1944,7,0.00084,0.001158,0.001001
1940,1944,8,0.000759,0.001098,0.000931
1940,1944,9,0.000705,0.001049,0.000879
1940,1944,10,0.000664,0.000988,0.000829
1940,1944,11,0.000668,0.000986,0.000829
1940,1944,12,0.000712,0.001035,0.000876
1940,1944,13,0.000793,0.001133,0.000965
1940,1944,14,0.000911,0.001278,0.001097
1940,1944,15,0.001061,0.001477,0.001271
1940,1944,16,0.001211,0.001681,0.001447
1940,1944,17,0.00135,0.001876,0.001613
1940,1944,18,0.00148,0.002245,0.001847
1940,1944,19,0.001604,0.002566,0.002054
1940,1944,20,0.001728,0.00281,0.002231
1940,1944,21,0.001829,0.002983,0.002365
1940,1944,22,0.001916,0.003102,0.002466
1940,1944,23,0.001985,0.003157,0.002528
1940,1944,24,0.002034,0.003132,0.002544
1940,1944,25,0.002053,0.003036,0.002512
1940,1944,26,0.002095,0.002978,0.002509
1940,1944,27,0.002154,0.002963,0.002535
1940,1944,28,0.002231,0.002993,0.002592
1940,1944,29,0.00233,0.003074,0.002683
1940,1944,30,0.002464,0.003217,0.002824
1940,1944,31,0.0026,0.003378,0.002973
1940,1944,32,0.002742,0.003557,0.003134
1940,1944,33,0.00289,0.00375,0.003306
1940,1944,34,0.003042,0.003956,0.003485
1940,1944,35,0.003175,0.004158,0.003652
1940,1944,36,0.003334,0.004392,0.003849
1940,1944,37,0.003517,0.00466,0.004075
1940,1944,38,0.003728,0.004967,0.004335
1940,1944,39,0.003969,0.005313,0.00463
1940,1944,40,0.004259,0.005705,0.004975
1940,1944,41,0.004554,0.006133,0.00534
1940,1944,42,0.004857,0.006609,0.005732
1940,1944,43,0.005167,0.007133,0.006152
1940,1944,44,0.005485,0.007707,0.006601
1940,1944,45,0.005798,0.008314,0.007064
1940,1944,46,0.006169,0.008983,0.007588
1940,1944,47,0.0066,0.009716,0.008175
1940,1944,48,0.007097,0.010526,0.008837
1940,1944,49,0.007672,0.011429,0.009585
1940,1944,50,0.00839,0.012525,0.010503
1940,1944,51,0.009131,0.013687,0.011464
1940,1944,52,0.009869,0.014855,0.012427
1940,1944,53,0.010606,0.016043,0.0134
1940,1944,54,0.011349,0.017272,0.014394
1940,1944,55,0.012115,0.018627,0.015458
1940,1944,56,0.012997,0.020071,0.016623
1940,1944,57,0.014017,0.021643,0.01792
1940,1944,58,0.015174,0.023321,0.019335
1940,1944,59,0.016463,0.025082,0.020855
1940,1944,60,0.017694,0.026594,0.022222
1940,1944,61,0.019,0.028203,0.023668
1940,1944,62,0.020508,0.030072,0.025342
1940,1944,63,0.022249,0.032241,0.027279
1940,1944,64,0.024245,0.034736,0.029503
1940,1944,65,0.026507,0.037547,0.032015
1940,1944,66,0.029016,0.040537,0.034746
1940,1944,67,0.031668,0.043643,0.037605
1940,1944,68,0.034545,0.046946,0.040675
1940,1944,69,0.037773,0.050571,0.044083
1940,1944,70,0.042061,0.055225,0.04855
1940,1944,71,0.046879,0.060544,0.053605
1940,1944,72,0.051962,0.06608,0.058897
1940,1944,73,0.057242,0.071755,0.064352
1940,1944,74,0.062617,0.077455,0.06986
1940,1944,75,0.067744,0.083482,0.075358
1940,1944,76,0.073456,0.090006,0.081395
1940,1944,77,0.080489,0.097991,0.088815
1940,1944,78,0.089275,0.107894,0.098061
1940,1944,79,0.100143,0.120048,0.109461
1940,1944,80,0.103466,0.126639,0.11406
1940,1944,81,0.113784,0.13834,0.124914
1940,1944,82,0.124707,0.150824,0.136436
1940,1944,83,0.136443,0.164243,0.148805
1940,1944,84,0.148727,0.178034,0.161624
1940,1944,85,0.160841,0.19116,0.174031
1940,1944,86,0.173991,0.205163,0.187382
1940,1944,87,0.188988,0.221086,0.202589
1940,1944,88,0.205857,0.238856,0.21964
1940,1944,89,0.223467,0.257478,0.237456
1940,1944,90,0.239971,0.275407,0.254302
1940,1944,91,0.254185,0.289533,0.268232
1940,1944,92,0.265609,0.297919,0.278241
1940,1944,93,0.27393,0.300077,0.284019
1940,1944,94,0.281152,0.301019,0.288747
1940,1944,95,0.290888,0.310275,0.298246
1940,1944,96,0.296712,0.316503,0.304171
1940,1944,97,0.29611,0.31386,0.302759
1940,1944,98,0.291356,0.304072,0.296098
1940,1944,99,0.297713,0.305244,0.300509
1940,1944,100,0.384632,0.396069,0.388867
1940,1944,101,0.402865,0.410815,0.405797
1940,1944,102,0.420612,0.425028,0.422228
1940,1944,103,0.436499,0.438016,0.437048
1940,1944,104,0.450379,0.451785,0.450882
1940,1944,105,0.46124,0.469201,0.464043
1940,1944,106,0.46698,0.487537,0.474067
1940,1944,107,0.466302,0.511057,0.481156
1940,1944,108,0.454127,0.533005,0.479036
1940,1944,109,0.433181,0.520921,0.460341
1940,1944,110,0.3549,0.373631,0.360624
1945,1949,0,0.033113,0.042801,0.03807
1945,1949,1,0.002703,0.003062,0.002886
1945,1949,2,0.001454,0.001779,0.001619
1945,1949,3,0.00111,0.001377,0.001245
1945,1949,4,0.000891,0.001116,0.001006
1945,1949,5,0.000777,0.001017,0.000899
1945,1949,6,0.00069,0.000942,0.000818
1945,1949,7,0.000627,0.000892,0.000762
1945,1949,8,0.000574,0.000847,0.000712
1945,1949,9,0.000536,0.000809,0.000674
1945,1949,10,0.000506,0.000764,0.000637
1945,1949,11,0.000516,0.000782,0.000652
1945,1949,12,0.000548,0.000837,0.000696
1945,1949,13,0.000602,0.000926,0.000767
1945,1949,14,0.000678,0.001051,0.000867
1945,1949,15,0.000772,0.001215,0.000996
1945,1949,16,0.000867,0.001376,0.001123
1945,1949,17,0.00096,0.001536,0.001249
1945,1949,18,0.001055,0.002024,0.001496
1945,1949,19,0.001154,0.002217,0.001636
1945,1949,20,0.001253,0.002363,0.001761
1945,1949,21,0.001322,0.002433,0.001834
1945,1949,22,0.001375,0.002453,0.001876
1945,1949,23,0.001413,0.002428,0.001888
1945,1949,24,0.001439,0.002373,0.001879
1945,1949,25,0.001449,0.002298,0.00185
1945,1949,26,0.001487,0.002276,0.001861
1945,1949,27,0.001541,0.002291,0.001897
1945,1949,28,0.00161,0.00234,0.001957
1945,1949,29,0.001687,0.00241,0.002031
1945,1949,30,0.001789,0.002514,0.002135
1945,1949,31,0.001891,0.002621,0.002241
1945,1949,32,0.002007,0.002756,0.002367
1945,1949,33,0.002141,0.00292,0.002517
1945,1949,34,0.002297,0.003127,0.002698
1945,1949,35,0.002459,0.003358,0.002893
1945,1949,36,0.002638,0.003614,0.003111
1945,1949,37,0.002821,0.003896,0.003343
1945,1949,38,0.003003,0.0042,0.003587
1945,1949,39,0.003183,0.004524,0.00384
1945,1949,40,0.003386,0.004889,0.004126
1945,1949,41,0.003631,0.005311,0.004462
1945,1949,42,0.00391,0.005773,0.004835
1945,1949,43,0.004222,0.006272,0.005243
1945,1949,44,0.004566,0.006807,0.005684
1945,1949,45,0.004924,0.007373,0.006148
1945,1949,46,0.005316,0.008039,0.006677
1945,1949,47,0.00573,0.008783,0.007257
1945,1949,48,0.006175,0.009617,0.007898
1945,1949,49,0.006664,0.010557,0.008616
1945,1949,50,0.007219,0.011611,0.009428
1945,1949,51,0.007805,0.012731,0.010286
1945,1949,52,0.008441,0.013911,0.011199
1945,1949,53,0.009128,0.015167,0.012175
1945,1949,54,0.009865,0.016505,0.013215
1945,1949,55,0.010635,0.017923,0.014306
1945,1949,56,0.011456,0.019286,0.015403
1945,1949,57,0.012371,0.020746,0.016597
1945,1949,58,0.013391,0.022322,0.017901
1945,1949,59,0.014539,0.024056,0.019345
1945,1949,60,0.015789,0.025853,0.020874
1945,1949,61,0.016991,0.027598,0.022336
1945,1949,62,0.018271,0.029394,0.023854
1945,1949,63,0.019652,0.031245,0.025443
1945,1949,64,0.021163,0.033162,0.027126
1945,1949,65,0.022837,0.035265,0.028974
1945,1949,66,0.02501,0.037923,0.031355
1945,1949,67,0.027487,0.040836,0.034021
1945,1949,68,0.030291,0.044022,0.036991
1945,1949,69,0.033374,0.047388,0.040192
1945,1949,70,0.037006,0.051184,0.043894
1945,1949,71,0.041174,0.05566,0.048195
1945,1949,72,0.045744,0.060644,0.052945
1945,1949,73,0.050863,0.066333,0.058312
1945,1949,74,0.056853,0.073114,0.06465
1945,1949,75,0.063404,0.080842,0.071711
1945,1949,76,0.069225,0.087544,0.077893
1945,1949,77,0.075143,0.094268,0.084124
1945,1949,78,0.081052,0.100777,0.090242
1945,1949,79,0.087095,0.107051,0.096317
1945,1949,80,0.0919,0.1155,0.102501
1945,1949,81,0.101077,0.125336,0.111873
1945,1949,82,0.111354,0.136372,0.12238
1945,1949,83,0.122755,0.148792,0.134108
1945,1949,84,0.134901,0.162261,0.146688
1945,1949,85,0.147608,0.176412,0.15986
1945,1949,86,0.161001,0.191226,0.173693
1945,1949,87,0.175603,0.207687,0.188885
1945,1949,88,0.191826,0.226331,0.205887
1945,1949,89,0.208844,0.245914,0.223693
1945,1949,90,0.223615,0.262373,0.238859
1945,1949,91,0.236202,0.274361,0.250934
1945,1949,92,0.247751,0.28206,0.260775
1945,1949,93,0.259407,0.286127,0.269427
1945,1949,94,0.272343,0.291227,0.27938
1945,1949,95,0.288235,0.307697,0.295448
1945,1949,96,0.297347,0.320346,0.305816
1945,1949,97,0.295455,0.32094,0.304774
1945,1949,98,0.285833,0.311813,0.295267
1945,1949,99,0.285601,0.311366,0.294884
1945,1949,100,0.349447,0.372232,0.357603
1945,1949,101,0.354281,0.374052,0.36133
1945,1949,102,0.351004,0.36769,0.356945
1945,1949,103,0.343636,0.355757,0.347962
1945,1949,104,0.332006,0.338748,0.334421
1945,1949,105,0.31557,0.317501,0.316267
1945,1949,106,0.296469,0.294637,0.295803
1945,1949,107,0.271213,0.267825,0.269979
1945,1949,108,0.237548,0.236942,0.237329
1945,1949,109,0.201107,0.21121,0.204636
1945,1949,110,0.076669,0.091979,0.081151
1950,1954,0,0.027107,0.03537,0.031314
1950,1954,1,0.00208,0.002395,0.002241
1950,1954,2,0.001174,0.001423,0.001301
1950,1954,3,0.000889,0.001065,0.000978
1950,1954,4,0.000713,0.000875,0.000796
1950,1954,5,0.00061,0.000785,0.000699
1950,1954,6,0.000535,0.000714,0.000626
1950,1954,7,0.000468,0.000645,0.000559
1950,1954,8,0.000431,0.000621,0.000528
1950,1954,9,0.00039,0.000578,0.000486
1950,1954,10,0.000365,0.000549,0.000459
1950,1954,11,0.000367,0.000569,0.00047
1950,1954,12,0.000392,0.000638,0.000518
1950,1954,13,0.000436,0.000747,0.000594
1950,1954,14,0.000495,0.00089,0.000695
1950,1954,15,0.000577,0.001097,0.000839
1950,1954,16,0.000652,0.001274,0.000965
1950,1954,17,0.000717,0.001428,0.001075
1950,1954,18,0.000769,0.001641,0.001197
1950,1954,19,0.000813,0.001786,0.001287
1950,1954,20,0.00084,0.001941,0.001364
1950,1954,21,0.000856,0.002015,0.001401
1950,1954,22,0.000894,0.002094,0.001453
1950,1954,23,0.000914,0.002041,0.001444
1950,1954,24,0.000958,0.00201,0.001458
1950,1954,25,0.001017,0.001977,0.00148
1950,1954,26,0.001047,0.001907,0.001466
1950,1954,27,0.001082,0.001876,0.001471
1950,1954,28,0.001179,0.001994,0.001575
1950,1954,29,0.001226,0.002015,0.00161
1950,1954,30,0.001275,0.002041,0.001647
1950,1954,31,0.001362,0.002119,0.001731
1950,1954,32,0.001485,0.002283,0.001873
1950,1954,33,0.001576,0.002379,0.001967
1950,1954,34,0.001691,0.002507,0.002089
1950,1954,35,0.001837,0.002695,0.002256
1950,1954,36,0.00197,0.002877,0.002414
1950,1954,37,0.002125,0.00311,0.002608
1950,1954,38,0.002315,0.003419,0.002856
1950,1954,39,0.002538,0.003778,0.003147
1950,1954,40,0.0028,0.004228,0.003503
1950,1954,41,0.00305,0.004653,0.003842
1950,1954,42,0.003305,0.005118,0.004202
1950,1954,43,0.003556,0.005597,0.004567
1950,1954,44,0.003812,0.006111,0.004952
1950,1954,45,0.004065,0.006647,0.005345
1950,1954,46,0.004429,0.007347,0.005876
1950,1954,47,0.004809,0.008053,0.006419
1950,1954,48,0.005212,0.008749,0.006973
1950,1954,49,0.005864,0.009876,0.007862
1950,1954,50,0.006432,0.010869,0.008642
1950,1954,51,0.006943,0.011827,0.009373
1950,1954,52,0.007504,0.012909,0.010194
1950,1954,53,0.008163,0.014226,0.01118
1950,1954,54,0.008787,0.015547,0.012152
1950,1954,55,0.009347,0.016823,0.013066
1950,1954,56,0.010031,0.018236,0.014113
1950,1954,57,0.010769,0.019645,0.015184
1950,1954,58,0.011416,0.020773,0.01607
1950,1954,59,0.012268,0.022191,0.0172
1950,1954,60,0.013614,0.024361,0.018953
1950,1954,61,0.014978,0.02642,0.020661
1950,1954,62,0.016318,0.028406,0.022311
1950,1954,63,0.017844,0.030721,0.024204
1950,1954,64,0.019592,0.033351,0.026357
1950,1954,65,0.021334,0.035945,0.028476
1950,1954,66,0.022987,0.038422,0.030469
1950,1954,67,0.024683,0.040672,0.032381
1950,1954,68,0.027048,0.04372,0.035027
1950,1954,69,0.029563,0.046439,0.037614
1950,1954,70,0.032862,0.050103,0.041054
1950,1954,71,0.036719,0.05426,0.045033
1950,1954,72,0.041471,0.059402,0.04996
1950,1954,73,0.045847,0.064069,0.054446
1950,1954,74,0.051095,0.070079,0.060008
1950,1954,75,0.055994,0.075457,0.065089
1950,1954,76,0.061526,0.081648,0.070876
1950,1954,77,0.06758,0.088304,0.077152
1950,1954,78,0.073793,0.095285,0.083636
1950,1954,79,0.080863,0.103251,0.091015
1950,1954,80,0.085682,0.112295,0.097371
1950,1954,81,0.094344,0.121887,0.10632
1950,1954,82,0.104054,0.132696,0.116369
1950,1954,83,0.114715,0.144294,0.127281
1950,1954,84,0.126895,0.156654,0.139398
1950,1954,85,0.140856,0.17118,0.153448
1950,1954,86,0.153399,0.188446,0.167752
1950,1954,87,0.164898,0.201256,0.179559
1950,1954,88,0.174403,0.209707,0.188422
1950,1954,89,0.188924,0.226812,0.203727
1950,1954,90,0.21617,0.24774,0.228313
1950,1954,91,0.221331,0.259063,0.235618
1950,1954,92,0.24695,0.285476,0.261251
1950,1954,93,0.2637,0.304028,0.278354
1950,1954,94,0.286112,0.313508,0.295889
1950,1954,95,0.303363,0.337563,0.31541
1950,1954,96,0.317814,0.352727,0.329964
1950,1954,97,0.327672,0.351864,0.336027
1950,1954,98,0.34146,0.363086,0.34891
1950,1954,99,0.294304,0.312979,0.300736
1950,1954,100,0.384478,0.401109,0.3902
1950,1954,101,0.347793,0.341887,0.345752
1950,1954,102,0.334795,0.353221,0.341203
1950,1954,103,0.329726,0.325774,0.328356
1950,1954,104,0.299214,0.286799,0.294903
1950,1954,105,0.283004,0.278993,0.281593
1950,1954,106,0.206898,0.200464,0.204602
1950,1954,107,0.194489,0.195346,0.194795
1950,1954,108,0.240467,0.162602,0.211936
1950,1954,109,0.149389,0.096222,0.12892
1950,1954,110,0.154196,0.142432,0.149969
1955,1959,0,0.024243,0.031564,0.027968
1955,1959,1,0.001726,0.001935,0.001832
1955,1959,2,0.000966,0.001191,0.00108
1955,1959,3,0.00074,0.0009,0.000821
1955,1959,4,0.000621,0.000727,0.000675
1955,1959,5,0.000529,0.000658,0.000595
1955,1959,6,0.00046,0.000613,0.000538
1955,1959,7,0.000396,0.000562,0.00048
1955,1959,8,0.000342,0.000521,0.000433
1955,1959,9,0.000325,0.000502,0.000415
1955,1959,10,0.000308,0.000486,0.000399
1955,1959,11,0.000313,0.000499,0.000408
1955,1959,12,0.000335,0.000552,0.000445
1955,1959,13,0.000352,0.000638,0.000497
1955,1959,14,0.000393,0.000754,0.000576
1955,1959,15,0.000466,0.000956,0.000713
1955,1959,16,0.000533,0.001178,0.000859
1955,1959,17,0.000587,0.001366,0.000979
1955,1959,18,0.000631,0.001591,0.001102
1955,1959,19,0.000667,0.001741,0.00119
1955,1959,20,0.000696,0.001876,0.001264
1955,1959,21,0.000702,0.001981,0.001313
1955,1959,22,0.00074,0.002006,0.001344
1955,1959,23,0.00075,0.001922,0.001315
1955,1959,24,0.000794,0.00187,0.001315
1955,1959,25,0.000834,0.001827,0.001318
1955,1959,26,0.000849,0.001726,0.001279
1955,1959,27,0.000872,0.001679,0.00127
1955,1959,28,0.00095,0.001738,0.001337
1955,1959,29,0.001027,0.001813,0.001411
1955,1959,30,0.001094,0.001881,0.001478
1955,1959,31,0.001175,0.001928,0.001544
1955,1959,32,0.001287,0.002061,0.001665
1955,1959,33,0.001353,0.002137,0.001735
1955,1959,34,0.001432,0.00225,0.001831
1955,1959,35,0.001547,0.002422,0.001974
1955,1959,36,0.001672,0.002592,0.00212
1955,1959,37,0.001782,0.002785,0.002272
1955,1959,38,0.002022,0.003156,0.002576
1955,1959,39,0.002214,0.003478,0.002833
1955,1959,40,0.00239,0.003817,0.003089
1955,1959,41,0.002572,0.004113,0.003329
1955,1959,42,0.002846,0.004678,0.003746
1955,1959,43,0.003078,0.005129,0.004086
1955,1959,44,0.003337,0.005631,0.004466
1955,1959,45,0.00364,0.0062,0.0049
1955,1959,46,0.003961,0.006802,0.005361
1955,1959,47,0.00429,0.007512,0.005879
1955,1959,48,0.004658,0.008204,0.006409
1955,1959,49,0.005061,0.009111,0.007063
1955,1959,50,0.005559,0.010159,0.007831
1955,1959,51,0.005986,0.011178,0.008552
1955,1959,52,0.00659,0.012314,0.009423
1955,1959,53,0.007141,0.013491,0.010285
1955,1959,54,0.00781,0.014679,0.01121
1955,1959,55,0.008277,0.015785,0.011986
1955,1959,56,0.008965,0.017097,0.012972
1955,1959,57,0.009592,0.018335,0.013887
1955,1959,58,0.0106,0.019988,0.015203
1955,1959,59,0.011545,0.02203,0.016664
1955,1959,60,0.012453,0.023865,0.018001
1955,1959,61,0.013342,0.025615,0.019286
1955,1959,62,0.014795,0.027876,0.021107
1955,1959,63,0.016311,0.0305,0.023129
1955,1959,64,0.017853,0.033083,0.025144
1955,1959,65,0.019849,0.035972,0.027541
1955,1959,66,0.021355,0.038387,0.029449
1955,1959,67,0.023618,0.041379,0.032033
1955,1959,68,0.025801,0.043874,0.034343
1955,1959,69,0.027865,0.04636,0.036594
1955,1959,70,0.031092,0.050552,0.040233
1955,1959,71,0.033658,0.054149,0.043231
1955,1959,72,0.037446,0.05834,0.047156
1955,1959,73,0.040981,0.062313,0.050836
1955,1959,74,0.045998,0.06837,0.056271
1955,1959,75,0.051703,0.074233,0.061994
1955,1959,76,0.057025,0.079973,0.067446
1955,1959,77,0.062357,0.085225,0.072699
1955,1959,78,0.069903,0.093254,0.080364
1955,1959,79,0.077164,0.100993,0.087725
1955,1959,80,0.082891,0.111504,0.095095
1955,1959,81,0.090007,0.119702,0.102545
1955,1959,82,0.1006,0.131115,0.113344
1955,1959,83,0.112628,0.143629,0.125427
1955,1959,84,0.125327,0.15755,0.138473
1955,1959,85,0.138196,0.17032,0.151144
1955,1959,86,0.150123,0.184944,0.163987
1955,1959,87,0.164023,0.20135,0.17866
1955,1959,88,0.176104,0.212014,0.189943
1955,1959,89,0.192801,0.232521,0.207849
1955,1959,90,0.216919,0.251096,0.229655
1955,1959,91,0.218213,0.256434,0.232223
1955,1959,92,0.240221,0.277855,0.253781
1955,1959,93,0.264145,0.301736,0.27746
1955,1959,94,0.284779,0.32312,0.298112
1955,1959,95,0.303169,0.328507,0.311832
1955,1959,96,0.315489,0.359781,0.330376
1955,1959,97,0.338323,0.382026,0.352658
1955,1959,98,0.354281,0.380864,0.362836
1955,1959,99,0.348817,0.367125,0.354671
1955,1959,100,0.387583,0.426619,0.400026
1955,1959,101,0.339138,0.334331,0.337596
1955,1959,102,0.357149,0.350249,0.35487
1955,1959,103,0.302537,0.304747,0.30328
1955,1959,104,0.324704,0.278635,0.308887
1955,1959,105,0.34504,0.295158,0.327306
1955,1959,106,0.325317,0.350147,0.334116
1955,1959,107,0.269893,0.282275,0.274225
1955,1959,108,0.22437,0.303936,0.251475
1955,1959,109,0.285395,0.174346,0.247151
1955,1959,110,0.294117,0.240228,0.272119
1960,1964,0,0.02237,0.029391,0.025943
1960,1964,1,0.001552,0.001752,0.001653
1960,1964,2,0.000912,0.001121,0.001018
1960,1964,3,0.000693,0.000858,0.000777
1960,1964,4,0.000562,0.000701,0.000632
1960,1964,5,0.000508,0.000605,0.000557
1960,1964,6,0.000421,0.000577,0.000501
1960,1964,7,0.000375,0.000513,0.000445
1960,1964,8,0.000341,0.000481,0.000412
1960,1964,9,0.000301,0.000449,0.000376
1960,1964,10,0.000281,0.000437,0.00036
1960,1964,11,0.000299,0.000462,0.000382
1960,1964,12,0.000304,0.000487,0.000397
1960,1964,13,0.00032,0.000581,0.000453
1960,1964,14,0.000356,0.000673,0.000517
1960,1964,15,0.000415,0.000822,0.000622
1960,1964,16,0.000504,0.001087,0.0008
1960,1964,17,0.000543,0.001305,0.000928
1960,1964,18,0.000596,0.001543,0.001069
1960,1964,19,0.000648,0.001731,0.001181
1960,1964,20,0.000633,0.001753,0.001182
1960,1964,21,0.000704,0.001857,0.001268
1960,1964,22,0.000701,0.001822,0.001249
1960,1964,23,0.000702,0.00181,0.001242
1960,1964,24,0.000754,0.001735,0.00123
1960,1964,25,0.000803,0.001747,0.001264
1960,1964,26,0.000829,0.00172,0.001266
1960,1964,27,0.000864,0.001707,0.001277
1960,1964,28,0.000926,0.001747,0.00133
1960,1964,29,0.000985,0.001763,0.001368
1960,1964,30,0.00106,0.001831,0.001439
1960,1964,31,0.001122,0.001876,0.001493
1960,1964,32,0.001231,0.00201,0.001614
1960,1964,33,0.001299,0.002157,0.00172
1960,1964,34,0.001428,0.002289,0.00185
1960,1964,35,0.001557,0.002451,0.001994
1960,1964,36,0.001665,0.002646,0.002144
1960,1964,37,0.00179,0.002882,0.002322
1960,1964,38,0.001985,0.003164,0.002559
1960,1964,39,0.002165,0.003466,0.002798
1960,1964,40,0.002307,0.003804,0.003036
1960,1964,41,0.00246,0.004043,0.003231
1960,1964,42,0.002834,0.004645,0.003717
1960,1964,43,0.003045,0.00499,0.003994
1960,1964,44,0.003213,0.005573,0.004366
1960,1964,45,0.003533,0.006113,0.004796
1960,1964,46,0.003786,0.006662,0.005195
1960,1964,47,0.004263,0.007499,0.00585
1960,1964,48,0.004566,0.008246,0.006372
1960,1964,49,0.004986,0.009102,0.007007
1960,1964,50,0.005568,0.010285,0.007885
1960,1964,51,0.005834,0.0111,0.00842
1960,1964,52,0.006515,0.012454,0.009429
1960,1964,53,0.006818,0.013302,0.009995
1960,1964,54,0.007214,0.014362,0.010711
1960,1964,55,0.007603,0.015394,0.011407
1960,1964,56,0.008218,0.01653,0.012271
1960,1964,57,0.008842,0.01803,0.013311
1960,1964,58,0.009773,0.019716,0.014597
1960,1964,59,0.010885,0.022076,0.016294
1960,1964,60,0.012428,0.024475,0.018225
1960,1964,61,0.012973,0.025997,0.019208
1960,1964,62,0.015231,0.029345,0.021948
1960,1964,63,0.016229,0.030904,0.023166
1960,1964,64,0.01697,0.03319,0.024584
1960,1964,65,0.019228,0.037035,0.027532
1960,1964,66,0.019505,0.038133,0.028132
1960,1964,67,0.022135,0.042164,0.031358
1960,1964,68,0.023911,0.044419,0.033312
1960,1964,69,0.025512,0.04638,0.035046
1960,1964,70,0.02925,0.050867,0.039092
1960,1964,71,0.029985,0.052656,0.040271
1960,1964,72,0.036019,0.059892,0.04681
1960,1964,73,0.039025,0.062994,0.049811
1960,1964,74,0.043508,0.068921,0.054883
1960,1964,75,0.049598,0.075608,0.061162
1960,1964,76,0.05311,0.079795,0.06489
1960,1964,77,0.057362,0.085173,0.069539
1960,1964,78,0.066419,0.094533,0.07861
1960,1964,79,0.073094,0.101882,0.085439
1960,1964,80,0.08208,0.113501,0.09511
1960,1964,81,0.084937,0.117972,0.098452
1960,1964,82,0.098528,0.133069,0.112464
1960,1964,83,0.10991,0.145234,0.123965
1960,1964,84,0.122696,0.159048,0.136963
1960,1964,85,0.134208,0.172127,0.148886
1960,1964,86,0.147014,0.185355,0.161643
1960,1964,87,0.162545,0.202665,0.177624
1960,1964,88,0.175756,0.215856,0.190594
1960,1964,89,0.191013,0.234765,0.206941
1960,1964,90,0.215359,0.253551,0.229043
1960,1964,91,0.220425,0.258256,0.233807
1960,1964,92,0.245597,0.28374,0.258893
1960,1964,93,0.265391,0.308104,0.27999
1960,1964,94,0.28436,0.324319,0.297739
1960,1964,95,0.303555,0.346343,0.317618
1960,1964,96,0.327537,0.369827,0.341128
1960,1964,97,0.348332,0.385068,0.359931
1960,1964,98,0.356878,0.385544,0.365829
1960,1964,99,0.367665,0.388444,0.374098
1960,1964,100,0.395565,0.405447,0.398619
1960,1964,101,0.362786,0.358862,0.36158
1960,1964,102,0.395142,0.373662,0.388461
1960,1964,103,0.370352,0.342194,0.361319
1960,1964,104,0.357219,0.322842,0.345811
1960,1964,105,0.369342,0.386447,0.375072
1960,1964,106,0.308033,0.314462,0.310195
1960,1964,107,0.305424,0.249578,0.285752
1960,1964,108,0.335756,0.304387,0.324322
1960,1964,109,0.22183,0.276937,0.242246
1960,1964,110,0.292755,0.279117,0.287435
1965,1969,0,0.02004,0.026142,0.023151
1965,1969,1,0.00135,0.001566,0.00146
1965,1969,2,0.000847,0.001032,0.000941
1965,1969,3,0.000635,0.000804,0.000721
1965,1969,4,0.000532,0.000677,0.000606
1965,1969,5,0.000457,0.000609,0.000534
1965,1969,6,0.000394,0.000546,0.000471
1965,1969,7,0.000355,0.000495,0.000426
1965,1969,8,0.000325,0.000463,0.000395
1965,1969,9,0.000296,0.000445,0.000372
1965,1969,10,0.000272,0.000411,0.000343
1965,1969,11,0.000277,0.000434,0.000357
1965,1969,12,0.000294,0.000478,0.000388
1965,1969,13,0.000319,0.000572,0.000448
1965,1969,14,0.000354,0.000695,0.000527
1965,1969,15,0.000445,0.000885,0.000669
1965,1969,16,0.00052,0.00125,0.000891
1965,1969,17,0.000607,0.001534,0.001077
1965,1969,18,0.00068,0.001881,0.001281
1965,1969,19,0.000702,0.002005,0.001344
1965,1969,20,0.000686,0.001976,0.001308
1965,1969,21,0.000711,0.002174,0.001413
1965,1969,22,0.000724,0.002182,0.001427
1965,1969,23,0.000749,0.002102,0.001403
1965,1969,24,0.000752,0.001921,0.001321
1965,1969,25,0.000804,0.001931,0.001355
1965,1969,26,0.000799,0.001937,0.001356
1965,1969,27,0.00085,0.001943,0.001384
1965,1969,28,0.000903,0.001976,0.001428
1965,1969,29,0.000955,0.001982,0.001458
1965,1969,30,0.001007,0.001967,0.001478
1965,1969,31,0.001122,0.002108,0.001606
1965,1969,32,0.001248,0.002196,0.001713
1965,1969,33,0.001332,0.002335,0.001823
1965,1969,34,0.001448,0.002409,0.001918
1965,1969,35,0.001572,0.00268,0.002114
1965,1969,36,0.001658,0.002807,0.002218
1965,1969,37,0.001817,0.003031,0.002408
1965,1969,38,0.001994,0.003398,0.002677
1965,1969,39,0.002181,0.003625,0.002883
1965,1969,40,0.002381,0.003986,0.003162
1965,1969,41,0.002501,0.004306,0.003378
1965,1969,42,0.002817,0.004805,0.003783
1965,1969,43,0.003065,0.005191,0.004096
1965,1969,44,0.003257,0.005635,0.00441
1965,1969,45,0.003608,0.006348,0.004936
1965,1969,46,0.003877,0.006809,0.005298
1965,1969,47,0.004274,0.007608,0.00589
1965,1969,48,0.004634,0.008268,0.006397
1965,1969,49,0.004988,0.009109,0.006988
1965,1969,50,0.005424,0.010164,0.007725
1965,1969,51,0.00569,0.010894,0.008215
1965,1969,52,0.006314,0.012211,0.009175
1965,1969,53,0.006708,0.013245,0.009877
1965,1969,54,0.0073,0.01452,0.010796
1965,1969,55,0.007691,0.015635,0.011528
1965,1969,56,0.008216,0.016912,0.012406
1965,1969,57,0.008885,0.018389,0.013448
1965,1969,58,0.009726,0.020248,0.014763
1965,1969,59,0.010395,0.022042,0.01595
1965,1969,60,0.011489,0.024154,0.017508
1965,1969,61,0.012225,0.026087,0.018789
1965,1969,62,0.014209,0.029385,0.021359
1965,1969,63,0.014673,0.031252,0.022429
1965,1969,64,0.016092,0.033716,0.024263
1965,1969,65,0.01855,0.037293,0.02716
1965,1969,66,0.01924,0.038107,0.027813
1965,1969,67,0.021147,0.041642,0.030367
1965,1969,68,0.023104,0.044527,0.032661
1965,1969,69,0.02449,0.047189,0.034533
1965,1969,70,0.027576,0.051554,0.0381
1965,1969,71,0.028725,0.05397,0.039724
1965,1969,72,0.0338,0.061071,0.045606
1965,1969,73,0.036494,0.064644,0.048606
1965,1969,74,0.040477,0.069526,0.052887
1965,1969,75,0.045974,0.075663,0.058569
1965,1969,76,0.050214,0.081205,0.063275
1965,1969,77,0.055184,0.087358,0.068637
1965,1969,78,0.063056,0.095185,0.076374
1965,1969,79,0.070327,0.103571,0.083965
1965,1969,80,0.077276,0.1131,0.091574
1965,1969,81,0.08112,0.117027,0.095281
1965,1969,82,0.092589,0.13001,0.107157
1965,1969,83,0.104259,0.143074,0.119158
1965,1969,84,0.115509,0.156755,0.131086
1965,1969,85,0.128138,0.168943,0.143271
1965,1969,86,0.140369,0.183095,0.155917
1965,1969,87,0.155844,0.197142,0.170599
1965,1969,88,0.1675,0.209505,0.18225
1965,1969,89,0.185124,0.229082,0.200282
1965,1969,90,0.204614,0.248953,0.219627
1965,1969,91,0.214231,0.262655,0.230287
1965,1969,92,0.236616,0.285878,0.252605
1965,1969,93,0.257155,0.305044,0.272418
1965,1969,94,0.280362,0.322529,0.293617
1965,1969,95,0.29885,0.336924,0.310722
1965,1969,96,0.315985,0.345548,0.325132
1965,1969,97,0.335665,0.377193,0.348344
1965,1969,98,0.34739,0.371632,0.354656
1965,1969,99,0.353852,0.380185,0.361594
1965,1969,100,0.372203,0.402329,0.380918
1965,1969,101,0.361319,0.383451,0.367722
1965,1969,102,0.368613,0.36176,0.366599
1965,1969,103,0.35505,0.320126,0.344447
1965,1969,104,0.36887,0.322419,0.353988
1965,1969,105,0.392436,0.323731,0.369215
1965,1969,106,0.326377,0.332239,0.328429
1965,1969,107,0.287283,0.340042,0.305746
1965,1969,108,0.284134,0.290054,0.286195
1965,1969,109,0.308852,0.234941,0.283031
1965,1969,110,0.234247,0.279222,0.250202
1970,1974,0,0.016259,0.021028,0.018697
1970,1974,1,0.001106,0.001297,0.001204
1970,1974,2,0.000729,0.000909,0.000821
1970,1974,3,0.000558,0.000743,0.000652
1970,1974,4,0.000457,0.00061,0.000535
1970,1974,5,0.000418,0.000562,0.000492
1970,1974,6,0.000374,0.000501,0.000438
1970,1974,7,0.000332,0.000472,0.000404
1970,1974,8,0.000292,0.000437,0.000366
1970,1974,9,0.000274,0.000419,0.000348
1970,1974,10,0.000256,0.000399,0.000329
1970,1974,11,0.00026,0.000405,0.000334
1970,1974,12,0.000276,0.000451,0.000365
1970,1974,13,0.000314,0.000548,0.000433
1970,1974,14,0.000359,0.000703,0.000534
1970,1974,15,0.000446,0.000918,0.000686
1970,1974,16,0.000536,0.001308,0.000929
1970,1974,17,0.000625,0.001623,0.001132
1970,1974,18,0.000694,0.001993,0.001348
1970,1974,19,0.000715,0.002095,0.001403
1970,1974,20,0.00069,0.002098,0.001387
1970,1974,21,0.000728,0.002274,0.001489
1970,1974,22,0.000735,0.002261,0.001486
1970,1974,23,0.000713,0.002187,0.001438
1970,1974,24,0.000729,0.002067,0.001389
1970,1974,25,0.000752,0.002039,0.001389
1970,1974,26,0.000794,0.00197,0.001376
1970,1974,27,0.000818,0.001968,0.001386
1970,1974,28,0.000867,0.002016,0.001434
1970,1974,29,0.000906,0.002025,0.001457
1970,1974,30,0.000928,0.001998,0.001456
1970,1974,31,0.001047,0.002096,0.001564
1970,1974,32,0.001095,0.002254,0.001664
1970,1974,33,0.001245,0.002353,0.001787
1970,1974,34,0.001311,0.002424,0.001854
1970,1974,35,0.00144,0.002603,0.002008
1970,1974,36,0.001553,0.0028,0.002161
1970,1974,37,0.001708,0.002998,0.002336
1970,1974,38,0.001864,0.003254,0.002541
1970,1974,39,0.002003,0.003518,0.002742
1970,1974,40,0.002204,0.003812,0.00299
1970,1974,41,0.002349,0.004077,0.003193
1970,1974,42,0.002701,0.004619,0.003638
1970,1974,43,0.002916,0.00498,0.003923
1970,1974,44,0.003135,0.005493,0.004283
1970,1974,45,0.003383,0.006151,0.004725
1970,1974,46,0.003802,0.006747,0.005228
1970,1974,47,0.004108,0.007309,0.005654
1970,1974,48,0.004346,0.008015,0.006113
1970,1974,49,0.004681,0.008661,0.006596
1970,1974,50,0.005113,0.009572,0.007261
1970,1974,51,0.005333,0.010208,0.007679
1970,1974,52,0.005902,0.011226,0.008461
1970,1974,53,0.006357,0.012094,0.009112
1970,1974,54,0.006846,0.013521,0.010048
1970,1974,55,0.007392,0.014843,0.01096
1970,1974,56,0.008164,0.016282,0.012044
1970,1974,57,0.008737,0.017915,0.013113
1970,1974,58,0.009427,0.019414,0.014168
1970,1974,59,0.010203,0.021064,0.015341
1970,1974,60,0.011227,0.023392,0.016961
1970,1974,61,0.011735,0.0245,0.017733
1970,1974,62,0.013028,0.027115,0.019593
1970,1974,63,0.013574,0.029115,0.020759
1970,1974,64,0.014629,0.031213,0.022212
1970,1974,65,0.016467,0.034493,0.024627
1970,1974,66,0.017345,0.036332,0.025849
1970,1974,67,0.019236,0.039727,0.028346
1970,1974,68,0.020862,0.042466,0.030389
1970,1974,69,0.023332,0.046376,0.033413
1970,1974,70,0.026734,0.051425,0.037395
1970,1974,71,0.028,0.05344,0.038883
1970,1974,72,0.032083,0.059519,0.043655
1970,1974,73,0.034698,0.06295,0.046495
1970,1974,74,0.038428,0.068333,0.050758
1970,1974,75,0.043147,0.074729,0.056015
1970,1974,76,0.046791,0.079928,0.060144
1970,1974,77,0.050548,0.085191,0.064344
1970,1974,78,0.056653,0.09081,0.070142
1970,1974,79,0.062357,0.098536,0.07645
1970,1974,80,0.070523,0.107603,0.08458
1970,1974,81,0.074934,0.114545,0.089737
1970,1974,82,0.084491,0.12537,0.09954
1970,1974,83,0.09474,0.135725,0.109605
1970,1974,84,0.105917,0.149497,0.121503
1970,1974,85,0.116601,0.16054,0.132096
1970,1974,86,0.129176,0.174348,0.144848
1970,1974,87,0.141433,0.186149,0.156678
1970,1974,88,0.155379,0.200055,0.170347
1970,1974,89,0.169471,0.216965,0.185065
1970,1974,90,0.188683,0.232597,0.202792
1970,1974,91,0.199141,0.2476,0.214355
1970,1974,92,0.221022,0.269361,0.235881
1970,1974,93,0.241335,0.291068,0.256281
1970,1974,94,0.264348,0.308136,0.277174
1970,1974,95,0.280278,0.327897,0.293932
1970,1974,96,0.301413,0.355409,0.316559
1970,1974,97,0.322498,0.361299,0.333169
1970,1974,98,0.340199,0.372822,0.349115
1970,1974,99,0.334513,0.389206,0.349445
1970,1974,100,0.358084,0.389825,0.366742
1970,1974,101,0.359604,0.379668,0.365072
1970,1974,102,0.367702,0.357663,0.364951
1970,1974,103,0.373556,0.354542,0.368278
1970,1974,104,0.370082,0.319942,0.355903
1970,1974,105,0.348724,0.362101,0.352673
1970,1974,106,0.354309,0.311015,0.341021
1970,1974,107,0.33287,0.254497,0.307288
1970,1974,108,0.32569,0.285477,0.311902
1970,1974,109,0.239825,0.303344,0.260996
1970,1974,110,0.267385,0.24861,0.261282
1975,1979,0,0.012827,0.016155,0.01453
1975,1979,1,0.000952,0.001103,0.001029
1975,1979,2,0.000614,0.00079,0.000704
1975,1979,3,0.000449,0.000626,0.00054
1975,1979,4,0.000383,0.000503,0.000444
1975,1979,5,0.000332,0.000473,0.000404
1975,1979,6,0.000292,0.000429,0.000362
1975,1979,7,0.000256,0.000374,0.000316
1975,1979,8,0.000254,0.000353,0.000305
1975,1979,9,0.000225,0.000339,0.000283
1975,1979,10,0.000213,0.000325,0.00027
1975,1979,11,0.000212,0.000347,0.000281
1975,1979,12,0.000225,0.000388,0.000308
1975,1979,13,0.000263,0.000474,0.000371
1975,1979,14,0.000306,0.000597,0.000454
1975,1979,15,0.000399,0.000783,0.000595
1975,1979,16,0.000492,0.001122,0.000812
1975,1979,17,0.000555,0.001458,0.001014
1975,1979,18,0.000635,0.001835,0.001242
1975,1979,19,0.000608,0.001924,0.00127
1975,1979,20,0.000622,0.001931,0.00128
1975,1979,21,0.00064,0.002022,0.001333
1975,1979,22,0.000651,0.002049,0.001349
1975,1979,23,0.000656,0.002019,0.001334
1975,1979,24,0.000645,0.001947,0.001293
1975,1979,25,0.000647,0.00195,0.001296
1975,1979,26,0.000687,0.001906,0.001294
1975,1979,27,0.000696,0.001895,0.001291
1975,1979,28,0.000746,0.001888,0.001311
1975,1979,29,0.000738,0.001803,0.001265
1975,1979,30,0.000753,0.0018,0.001273
1975,1979,31,0.000841,0.001865,0.001348
1975,1979,32,0.000914,0.001911,0.001406
1975,1979,33,0.000968,0.00203,0.001489
1975,1979,34,0.001004,0.002075,0.001529
1975,1979,35,0.001117,0.002215,0.001657
1975,1979,36,0.001236,0.002394,0.001804
1975,1979,37,0.001368,0.002555,0.001948
1975,1979,38,0.001496,0.002816,0.002141
1975,1979,39,0.001579,0.00297,0.002259
1975,1979,40,0.001764,0.003148,0.002442
1975,1979,41,0.001962,0.003551,0.00274
1975,1979,42,0.002227,0.00396,0.003075
1975,1979,43,0.002445,0.004322,0.003364
1975,1979,44,0.002618,0.004634,0.003604
1975,1979,45,0.002881,0.005182,0.004003
1975,1979,46,0.00313,0.005634,0.00435
1975,1979,47,0.003461,0.006222,0.004805
1975,1979,48,0.00378,0.00694,0.005309
1975,1979,49,0.003985,0.007542,0.005698
1975,1979,50,0.004603,0.008556,0.006506
1975,1979,51,0.004771,0.009111,0.006853
1975,1979,52,0.005206,0.010025,0.007509
1975,1979,53,0.005624,0.010764,0.008081
1975,1979,54,0.006038,0.011773,0.008777
1975,1979,55,0.006542,0.012807,0.009528
1975,1979,56,0.007105,0.013798,0.010287
1975,1979,57,0.007709,0.015243,0.011283
1975,1979,58,0.00845,0.016714,0.01234
1975,1979,59,0.008916,0.01799,0.013173
1975,1979,60,0.010322,0.020757,0.015207
1975,1979,61,0.010697,0.021569,0.015795
1975,1979,62,0.011822,0.024108,0.017528
1975,1979,63,0.012506,0.025784,0.01864
1975,1979,64,0.01344,0.02786,0.020024
1975,1979,65,0.014674,0.03039,0.021766
1975,1979,66,0.015219,0.032045,0.022713
1975,1979,67,0.016811,0.034935,0.024833
1975,1979,68,0.018076,0.037534,0.026587
1975,1979,69,0.020026,0.040617,0.028974
1975,1979,70,0.023548,0.047174,0.033663
1975,1979,71,0.024541,0.047982,0.034577
1975,1979,72,0.027905,0.054315,0.039025
1975,1979,73,0.03011,0.056846,0.041251
1975,1979,74,0.033453,0.062698,0.045386
1975,1979,75,0.037578,0.0686,0.049986
1975,1979,76,0.039683,0.071396,0.052093
1975,1979,77,0.043346,0.076966,0.056221
1975,1979,78,0.046603,0.079073,0.058968
1975,1979,79,0.052545,0.087189,0.065528
1975,1979,80,0.060501,0.099428,0.074679
1975,1979,81,0.06555,0.10591,0.079993
1975,1979,82,0.073978,0.115778,0.088683
1975,1979,83,0.082755,0.1267,0.097914
1975,1979,84,0.092156,0.136308,0.107074
1975,1979,85,0.100924,0.146402,0.11597
1975,1979,86,0.112914,0.159601,0.128054
1975,1979,87,0.12325,0.172668,0.138947
1975,1979,88,0.13442,0.184574,0.150022
1975,1979,89,0.149247,0.200716,0.16497
1975,1979,90,0.16662,0.217473,0.181892
1975,1979,91,0.178326,0.229519,0.193416
1975,1979,92,0.197049,0.250345,0.212411
1975,1979,93,0.216105,0.270221,0.231346
1975,1979,94,0.23516,0.286129,0.249189
1975,1979,95,0.254721,0.306376,0.268593
1975,1979,96,0.274454,0.32626,0.288019
1975,1979,97,0.296295,0.346344,0.309125
1975,1979,98,0.309843,0.36191,0.322875
1975,1979,99,0.326432,0.374047,0.338079
1975,1979,100,0.350713,0.375286,0.356592
1975,1979,101,0.366081,0.38205,0.369874
1975,1979,102,0.363586,0.387233,0.369235
1975,1979,103,0.38514,0.389465,0.386213
1975,1979,104,0.392433,0.366379,0.385519
1975,1979,105,0.385913,0.391455,0.387483
1975,1979,106,0.375232,0.348168,0.36734
1975,1979,107,0.314539,0.36245,0.328954
1975,1979,108,0.364506,0.3456,0.358773
1975,1979,109,0.324193,0.341082,0.329535
1975,1979,110,0.30922,0.280198,0.2989
1980,1984,0,0.010416,0.012962,0.011718
1980,1984,1,0.000816,0.000973,0.000896
1980,1984,2,0.000529,0.000672,0.000602
1980,1984,3,0.000387,0.000517,0.000453
1980,1984,4,0.000294,0.000421,0.000359
1980,1984,5,0.00027,0.000363,0.000318
1980,1984,6,0.00025,0.000341,0.000297
1980,1984,7,0.000225,0.000326,0.000277
1980,1984,8,0.000215,0.000316,0.000267
1980,1984,9,0.000196,0.000283,0.00024
1980,1984,10,0.000183,0.000277,0.000231
1980,1984,11,0.000187,0.000291,0.00024
1980,1984,12,0.00021,0.000335,0.000274
1980,1984,13,0.000225,0.000391,0.00031
1980,1984,14,0.000271,0.000491,0.000384
1980,1984,15,0.000337,0.000658,0.000501
1980,1984,16,0.000437,0.000973,0.000711
1980,1984,17,0.000497,0.001257,0.000886
1980,1984,18,0.000561,0.001614,0.001095
1980,1984,19,0.000563,0.001665,0.001119
1980,1984,20,0.000552,0.001708,0.001134
1980,1984,21,0.000571,0.001798,0.001188
1980,1984,22,0.000569,0.001801,0.001188
1980,1984,23,0.000583,0.001809,0.001197
1980,1984,24,0.000594,0.00176,0.001178
1980,1984,25,0.000591,0.001778,0.001185
1980,1984,26,0.000625,0.001753,0.001188
1980,1984,27,0.000635,0.001777,0.001205
1980,1984,28,0.000688,0.001853,0.001268
1980,1984,29,0.000671,0.001742,0.001205
1980,1984,30,0.000704,0.001805,0.001251
1980,1984,31,0.000751,0.001858,0.001299
1980,1984,32,0.00078,0.001907,0.001338
1980,1984,33,0.000859,0.001931,0.001388
1980,1984,34,0.000897,0.001916,0.001401
1980,1984,35,0.000958,0.002013,0.001479
1980,1984,36,0.00106,0.002175,0.001609
1980,1984,37,0.001152,0.002284,0.001708
1980,1984,38,0.001317,0.002551,0.001923
1980,1984,39,0.001355,0.002606,0.001971
1980,1984,40,0.001527,0.002854,0.002178
1980,1984,41,0.001695,0.003161,0.002414
1980,1984,42,0.001886,0.00341,0.002634
1980,1984,43,0.002029,0.003688,0.00284
1980,1984,44,0.002234,0.003969,0.003084
1980,1984,45,0.002522,0.00446,0.003469
1980,1984,46,0.002714,0.004851,0.003756
1980,1984,47,0.002948,0.005452,0.004167
1980,1984,48,0.003444,0.006199,0.004787
1980,1984,49,0.00361,0.006522,0.005028
1980,1984,50,0.003968,0.007286,0.005568
1980,1984,51,0.004487,0.008109,0.006239
1980,1984,52,0.004825,0.009004,0.00684
1980,1984,53,0.005215,0.00968,0.007369
1980,1984,54,0.00558,0.010532,0.00795
1980,1984,55,0.006178,0.011811,0.008854
1980,1984,56,0.006818,0.012904,0.009701
1980,1984,57,0.00724,0.013812,0.010343
1980,1984,58,0.008161,0.015638,0.011675
1980,1984,59,0.00865,0.016458,0.012305
1980,1984,60,0.009404,0.017977,0.013403
1980,1984,61,0.010207,0.019398,0.014494
1980,1984,62,0.011741,0.02217,0.01658
1980,1984,63,0.012296,0.023407,0.017451
1980,1984,64,0.012979,0.024905,0.018449
1980,1984,65,0.014317,0.027319,0.020226
1980,1984,66,0.015522,0.029984,0.022034
1980,1984,67,0.016781,0.032538,0.023804
1980,1984,68,0.018384,0.035618,0.025979
1980,1984,69,0.019621,0.038397,0.027754
1980,1984,70,0.022014,0.042288,0.030735
1980,1984,71,0.023442,0.045102,0.032652
1980,1984,72,0.026345,0.049435,0.036046
1980,1984,73,0.028998,0.054376,0.039492
1980,1984,74,0.030687,0.057468,0.041564
1980,1984,75,0.034205,0.062469,0.045531
1980,1984,76,0.037618,0.068384,0.049674
1980,1984,77,0.040768,0.073492,0.053303
1980,1984,78,0.044399,0.07842,0.057197
1980,1984,79,0.049955,0.085162,0.062977
1980,1984,80,0.057327,0.095874,0.071134
1980,1984,81,0.062956,0.103357,0.077065
1980,1984,82,0.070484,0.112388,0.084741
1980,1984,83,0.078722,0.122827,0.093355
1980,1984,84,0.086611,0.133036,0.101642
1980,1984,85,0.095791,0.142906,0.110678
1980,1984,86,0.107189,0.156248,0.122322
1980,1984,87,0.117775,0.1695,0.133353
1980,1984,88,0.128491,0.180514,0.14375
1980,1984,89,0.142164,0.195523,0.157386
1980,1984,90,0.158183,0.210311,0.172649
1980,1984,91,0.171257,0.226687,0.186247
1980,1984,92,0.189666,0.244292,0.204076
1980,1984,93,0.20821,0.265321,0.22292
1980,1984,94,0.226652,0.286356,0.241658
1980,1984,95,0.246216,0.305612,0.260809
1980,1984,96,0.267397,0.331991,0.282851
1980,1984,97,0.289328,0.348168,0.303027
1980,1984,98,0.307668,0.366572,0.321046
1980,1984,99,0.321242,0.391348,0.336734
1980,1984,100,0.350754,0.406755,0.362859
1980,1984,101,0.369844,0.417387,0.380006
1980,1984,102,0.389128,0.406944,0.392944
1980,1984,103,0.405891,0.416762,0.408252
1980,1984,104,0.428794,0.39046,0.420374
1980,1984,105,0.406464,0.439794,0.413848
1980,1984,106,0.391808,0.434629,0.401182
1980,1984,107,0.411827,0.383551,0.405349
1980,1984,108,0.413239,0.412516,0.413068
1980,1984,109,0.390351,0.325136,0.37278
1980,1984,110,0.412931,0.336409,0.3856
1985,1989,0,0.009271,0.011648,0.010487
1985,1989,1,0.000744,0.000856,0.000801
1985,1989,2,0.000462,0.000594,0.000529
1985,1989,3,0.000338,0.000466,0.000404
1985,1989,4,0.000276,0.000378,0.000328
1985,1989,5,0.000237,0.000312,0.000275
1985,1989,6,0.000214,0.000298,0.000257
1985,1989,7,0.000199,0.000266,0.000234
1985,1989,8,0.000193,0.000275,0.000235
1985,1989,9,0.000177,0.000265,0.000222
1985,1989,10,0.000166,0.000252,0.00021
1985,1989,11,0.000173,0.00028,0.000228
1985,1989,12,0.000187,0.000323,0.000257
1985,1989,13,0.00021,0.000388,0.000301
1985,1989,14,0.00027,0.000497,0.000387
1985,1989,15,0.000347,0.00067,0.000513
1985,1989,16,0.000467,0.000995,0.000738
1985,1989,17,0.000503,0.001211,0.000867
1985,1989,18,0.000549,0.001522,0.001046
1985,1989,19,0.000514,0.001545,0.001036
1985,1989,20,0.000507,0.001586,0.001055
1985,1989,21,0.000539,0.001672,0.001114
1985,1989,22,0.000533,0.00167,0.001109
1985,1989,23,0.000561,0.001693,0.001133
1985,1989,24,0.000555,0.001691,0.001128
1985,1989,25,0.000597,0.001693,0.001148
1985,1989,26,0.00061,0.001731,0.001172
1985,1989,27,0.000632,0.00177,0.001202
1985,1989,28,0.000688,0.001893,0.001291
1985,1989,29,0.000672,0.001806,0.001239
1985,1989,30,0.000718,0.001975,0.001345
1985,1989,31,0.000792,0.002045,0.001416
1985,1989,32,0.000842,0.002151,0.001493
1985,1989,33,0.000889,0.002263,0.001569
1985,1989,34,0.000928,0.002236,0.001578
1985,1989,35,0.000983,0.002415,0.001693
1985,1989,36,0.001072,0.0025,0.001778
1985,1989,37,0.001108,0.002597,0.001843
1985,1989,38,0.001269,0.002835,0.00204
1985,1989,39,0.001257,0.00269,0.001966
1985,1989,40,0.001421,0.00291,0.002154
1985,1989,41,0.001541,0.003135,0.002325
1985,1989,42,0.001721,0.003422,0.002559
1985,1989,43,0.001904,0.003638,0.002754
1985,1989,44,0.002034,0.003831,0.002919
1985,1989,45,0.002236,0.004256,0.003228
1985,1989,46,0.002503,0.004643,0.003551
1985,1989,47,0.002762,0.005011,0.003861
1985,1989,48,0.003187,0.005675,0.004401
1985,1989,49,0.003271,0.005737,0.004479
1985,1989,50,0.003657,0.0066,0.005088
1985,1989,51,0.004164,0.007356,0.005715
1985,1989,52,0.004624,0.008138,0.006327
1985,1989,53,0.004994,0.008903,0.006884
1985,1989,54,0.005361,0.009543,0.007376
1985,1989,55,0.005881,0.010786,0.008231
1985,1989,56,0.006383,0.011654,0.008902
1985,1989,57,0.006916,0.01253,0.009591
1985,1989,58,0.00802,0.014619,0.01115
1985,1989,59,0.008271,0.015189,0.011539
1985,1989,60,0.009243,0.017019,0.012865
1985,1989,61,0.010203,0.018543,0.014089
1985,1989,62,0.011335,0.020673,0.015659
1985,1989,63,0.012044,0.021943,0.016634
1985,1989,64,0.012801,0.023252,0.017598
1985,1989,65,0.014135,0.025947,0.019514
1985,1989,66,0.015306,0.027693,0.020919
1985,1989,67,0.016409,0.029675,0.022377
1985,1989,68,0.018194,0.033249,0.024879
1985,1989,69,0.019181,0.035326,0.026237
1985,1989,70,0.021182,0.038964,0.028882
1985,1989,71,0.023079,0.042497,0.031389
1985,1989,72,0.02616,0.047762,0.03527
1985,1989,73,0.028441,0.051369,0.038003
1985,1989,74,0.030282,0.05501,0.0404
1985,1989,75,0.03323,0.05902,0.043651
1985,1989,76,0.036728,0.064688,0.047815
1985,1989,77,0.039879,0.069836,0.05147
1985,1989,78,0.043994,0.076577,0.056354
1985,1989,79,0.048351,0.082991,0.06112
1985,1989,80,0.05531,0.093127,0.068911
1985,1989,81,0.060823,0.101269,0.074983
1985,1989,82,0.067896,0.110115,0.082257
1985,1989,83,0.075278,0.119495,0.089881
1985,1989,84,0.083993,0.13012,0.098756
1985,1989,85,0.093445,0.141499,0.108333
1985,1989,86,0.10383,0.153257,0.118634
1985,1989,87,0.115807,0.167394,0.130736
1985,1989,88,0.127424,0.182344,0.142793
1985,1989,89,0.141612,0.196195,0.156382
1985,1989,90,0.156713,0.213372,0.171556
1985,1989,91,0.171875,0.228664,0.186283
1985,1989,92,0.190751,0.250936,0.205558
1985,1989,93,0.210011,0.270639,0.224441
1985,1989,94,0.230376,0.289152,0.243896
1985,1989,95,0.251411,0.313493,0.265227
1985,1989,96,0.275122,0.339196,0.288915
1985,1989,97,0.295194,0.357879,0.308285
1985,1989,98,0.315746,0.376335,0.328069
1985,1989,99,0.34256,0.405787,0.355118
1985,1989,100,0.353712,0.410037,0.364599
1985,1989,101,0.385875,0.432618,0.394734
1985,1989,102,0.411066,0.452609,0.41887
1985,1989,103,0.430036,0.488306,0.440734
1985,1989,104,0.438843,0.47373,0.445269
1985,1989,105,0.450158,0.436498,0.44752
1985,1989,106,0.461097,0.456088,0.460091
1985,1989,107,0.512368,0.402118,0.489355
1985,1989,108,0.429555,0.524243,0.45119
1985,1989,109,0.371475,0.362856,0.369594
1985,1989,110,0.49138,0.587373,0.512402
1990,1994,0,0.007935,0.0099,0.008941
1990,1994,1,0.000657,0.000741,0.0007
1990,1994,2,0.00041,0.000519,0.000466
1990,1994,3,0.0003,0.000406,0.000354
1990,1994,4,0.000243,0.000321,0.000283
1990,1994,5,0.000207,0.000273,0.000241
1990,1994,6,0.000192,0.000249,0.000221
1990,1994,7,0.000174,0.000227,0.000201
1990,1994,8,0.000168,0.000233,0.000201
1990,1994,9,0.000155,0.000212,0.000184
1990,1994,10,0.000148,0.000218,0.000184
1990,1994,11,0.000151,0.000232,0.000193
1990,1994,12,0.000174,0.000271,0.000223
1990,1994,13,0.000201,0.000357,0.000281
1990,1994,14,0.000271,0.000503,0.00039
1990,1994,15,0.000339,0.000706,0.000528
1990,1994,16,0.000446,0.001051,0.000758
1990,1994,17,0.000474,0.001282,0.000891
1990,1994,18,0.000522,0.001589,0.001069
1990,1994,19,0.000481,0.001604,0.001054
1990,1994,20,0.000481,0.001589,0.001046
1990,1994,21,0.000515,0.001678,0.001108
1990,1994,22,0.0005,0.001661,0.001091
1990,1994,23,0.000519,0.00164,0.001089
1990,1994,24,0.000535,0.001579,0.001064
1990,1994,25,0.000566,0.001627,0.001102
1990,1994,26,0.000595,0.001684,0.001142
1990,1994,27,0.00063,0.001766,0.001201
1990,1994,28,0.000675,0.001922,0.0013
1990,1994,29,0.000675,0.001882,0.001281
1990,1994,30,0.000734,0.002035,0.001386
1990,1994,31,0.000808,0.002156,0.001482
1990,1994,32,0.000829,0.002265,0.001546
1990,1994,33,0.00091,0.002396,0.001649
1990,1994,34,0.000963,0.002417,0.00169
1990,1994,35,0.001021,0.002568,0.001793
1990,1994,36,0.001105,0.002711,0.001903
1990,1994,37,0.001175,0.002849,0.002006
1990,1994,38,0.001334,0.003114,0.002215
1990,1994,39,0.001304,0.003013,0.002153
1990,1994,40,0.001425,0.003247,0.002327
1990,1994,41,0.001554,0.00347,0.002499
1990,1994,42,0.001681,0.003648,0.002652
1990,1994,43,0.00179,0.003789,0.002773
1990,1994,44,0.001924,0.003875,0.00289
1990,1994,45,0.002137,0.004174,0.003142
1990,1994,46,0.0024,0.004581,0.003471
1990,1994,47,0.002601,0.004889,0.003722
1990,1994,48,0.002974,0.005462,0.00419
1990,1994,49,0.003091,0.005489,0.004267
1990,1994,50,0.003413,0.00612,0.004737
1990,1994,51,0.003864,0.006744,0.005268
1990,1994,52,0.004233,0.00742,0.005784
1990,1994,53,0.004629,0.007975,0.006251
1990,1994,54,0.004904,0.008583,0.006687
1990,1994,55,0.005496,0.009619,0.007483
1990,1994,56,0.006034,0.010455,0.008158
1990,1994,57,0.00655,0.011358,0.008854
1990,1994,58,0.007531,0.013162,0.010221
1990,1994,59,0.007932,0.013566,0.01062
1990,1994,60,0.008719,0.015346,0.011841
1990,1994,61,0.009696,0.016727,0.013015
1990,1994,62,0.010515,0.018512,0.014266
1990,1994,63,0.011362,0.019751,0.015292
1990,1994,64,0.012097,0.021349,0.016375
1990,1994,65,0.01332,0.023545,0.017994
1990,1994,66,0.014496,0.025447,0.019461
1990,1994,67,0.015807,0.027529,0.021086
1990,1994,68,0.017488,0.030572,0.023323
1990,1994,69,0.018552,0.032609,0.024753
1990,1994,70,0.020338,0.035331,0.026907
1990,1994,71,0.022226,0.038409,0.029275
1990,1994,72,0.024497,0.041334,0.031779
1990,1994,73,0.026892,0.045842,0.034945
1990,1994,74,0.028895,0.049463,0.03749
1990,1994,75,0.031426,0.053355,0.040446
1990,1994,76,0.034819,0.058764,0.044534
1990,1994,77,0.037976,0.064064,0.048334
1990,1994,78,0.041078,0.068835,0.051827
1990,1994,79,0.045576,0.074989,0.056705
1990,1994,80,0.052316,0.086755,0.064954
1990,1994,81,0.057891,0.094591,0.070979
1990,1994,82,0.064396,0.103455,0.077913
1990,1994,83,0.071655,0.113418,0.085649
1990,1994,84,0.079082,0.123398,0.093438
1990,1994,85,0.08794,0.135102,0.102693
1990,1994,86,0.097834,0.146991,0.112657
1990,1994,87,0.108506,0.159134,0.1232
1990,1994,88,0.120045,0.173489,0.134959
1990,1994,89,0.134432,0.1896,0.149211
1990,1994,90,0.148815,0.20627,0.163572
1990,1994,91,0.163702,0.221946,0.178045
1990,1994,92,0.183104,0.243108,0.19724
1990,1994,93,0.203059,0.266229,0.217326
1990,1994,94,0.223009,0.287773,0.237013
1990,1994,95,0.243122,0.310696,0.257145
1990,1994,96,0.26615,0.337197,0.280304
1990,1994,97,0.288645,0.363682,0.30296
1990,1994,98,0.310972,0.386818,0.32478
1990,1994,99,0.335827,0.400787,0.347173
1990,1994,100,0.366708,0.43013,0.377464
1990,1994,101,0.392023,0.460753,0.403346
1990,1994,102,0.41702,0.482366,0.427523
1990,1994,103,0.434593,0.506178,0.445809
1990,1994,104,0.458788,0.514837,0.467397
1990,1994,105,0.480945,0.511853,0.485737
1990,1994,106,0.474765,0.443777,0.469716
1990,1994,107,0.483189,0.546196,0.493892
1990,1994,108,0.470183,0.399261,0.457369
1990,1994,109,0.492685,0.44841,0.483772
1990,1994,110,0.516941,0.529412,0.519569
1995,1999,0,0.00681,0.008266,0.007555
1995,1999,1,0.000524,0.000612,0.000569
1995,1999,2,0.000327,0.000425,0.000377
1995,1999,3,0.000258,0.000327,0.000293
1995,1999,4,0.000203,0.000255,0.00023
1995,1999,5,0.000179,0.000236,0.000208
1995,1999,6,0.000161,0.000207,0.000185
1995,1999,7,0.00016,0.000197,0.000179
1995,1999,8,0.000149,0.000194,0.000172
1995,1999,9,0.000141,0.000183,0.000162
1995,1999,10,0.000144,0.00019,0.000168
1995,1999,11,0.000151,0.000205,0.000178
1995,1999,12,0.000165,0.000244,0.000205
1995,1999,13,0.000185,0.000311,0.000249
1995,1999,14,0.000239,0.000412,0.000328
1995,1999,15,0.000294,0.000559,0.00043
1995,1999,16,0.000424,0.000858,0.000648
1995,1999,17,0.000466,0.001061,0.000774
1995,1999,18,0.000479,0.001339,0.00092
1995,1999,19,0.000459,0.001413,0.000947
1995,1999,20,0.00046,0.001417,0.000949
1995,1999,21,0.000462,0.001522,0.001004
1995,1999,22,0.00048,0.001451,0.000976
1995,1999,23,0.000481,0.001436,0.000967
1995,1999,24,0.000482,0.00138,0.000937
1995,1999,25,0.000513,0.001362,0.000943
1995,1999,26,0.00053,0.001384,0.00096
1995,1999,27,0.000572,0.001403,0.000991
1995,1999,28,0.000601,0.001442,0.001024
1995,1999,29,0.000631,0.001496,0.001065
1995,1999,30,0.000669,0.001543,0.001109
1995,1999,31,0.000759,0.001715,0.001239
1995,1999,32,0.000792,0.001799,0.001297
1995,1999,33,0.000862,0.001895,0.001379
1995,1999,34,0.000921,0.00199,0.001457
1995,1999,35,0.00099,0.002064,0.001529
1995,1999,36,0.001081,0.002217,0.001647
1995,1999,37,0.00118,0.002358,0.001766
1995,1999,38,0.001299,0.002549,0.00192
1995,1999,39,0.001342,0.002628,0.001981
1995,1999,40,0.001438,0.002792,0.002112
1995,1999,41,0.001602,0.00313,0.002358
1995,1999,42,0.001695,0.003274,0.002476
1995,1999,43,0.001871,0.003572,0.002708
1995,1999,44,0.001976,0.003757,0.002856
1995,1999,45,0.002092,0.003986,0.003028
1995,1999,46,0.002291,0.004354,0.003304
1995,1999,47,0.002487,0.00463,0.003539
1995,1999,48,0.002771,0.005002,0.003865
1995,1999,49,0.002923,0.005167,0.004024
1995,1999,50,0.003167,0.005457,0.004291
1995,1999,51,0.00355,0.006173,0.004833
1995,1999,52,0.003963,0.00664,0.005271
1995,1999,53,0.004369,0.007364,0.005826
1995,1999,54,0.004658,0.007837,0.006206
1995,1999,55,0.005169,0.00864,0.006854
1995,1999,56,0.005777,0.009555,0.007603
1995,1999,57,0.006252,0.010351,0.008224
1995,1999,58,0.006943,0.011475,0.009121
1995,1999,59,0.007457,0.012322,0.009788
1995,1999,60,0.008135,0.013516,0.0107
1995,1999,61,0.009248,0.015235,0.0121
1995,1999,62,0.01015,0.016693,0.013251
1995,1999,63,0.01101,0.017988,0.014304
1995,1999,64,0.011849,0.019582,0.015468
1995,1999,65,0.013027,0.021238,0.016842
1995,1999,66,0.014001,0.023037,0.018168
1995,1999,67,0.015007,0.024751,0.019477
1995,1999,68,0.016651,0.027613,0.021647
1995,1999,69,0.018196,0.030197,0.023594
1995,1999,70,0.019735,0.032946,0.025576
1995,1999,71,0.022128,0.036384,0.028412
1995,1999,72,0.024283,0.039373,0.030863
1995,1999,73,0.026262,0.042083,0.033108
1995,1999,74,0.028237,0.045558,0.035614
1995,1999,75,0.030829,0.049712,0.038757
1995,1999,76,0.033947,0.05423,0.042351
1995,1999,77,0.03761,0.059496,0.046541
1995,1999,78,0.041291,0.065283,0.050863
1995,1999,79,0.045593,0.071234,0.055584
1995,1999,80,0.052615,0.081968,0.063749
1995,1999,81,0.058142,0.09037,0.070055
1995,1999,82,0.064957,0.099842,0.07748
1995,1999,83,0.072062,0.110656,0.085482
1995,1999,84,0.080552,0.121163,0.094183
1995,1999,85,0.089521,0.133632,0.103773
1995,1999,86,0.100375,0.146938,0.114831
1995,1999,87,0.112076,0.160492,0.126493
1995,1999,88,0.124303,0.175829,0.138979
1995,1999,89,0.138543,0.192842,0.153321
1995,1999,90,0.154781,0.210848,0.169344
1995,1999,91,0.171727,0.229929,0.186145
1995,1999,92,0.190718,0.251642,0.205071
1995,1999,93,0.210284,0.274794,0.224731
1995,1999,94,0.233987,0.297771,0.247556
1995,1999,95,0.257177,0.321775,0.270206
1995,1999,96,0.281525,0.348176,0.29427
1995,1999,97,0.306797,0.377632,0.319591
1995,1999,98,0.333702,0.397249,0.344579
1995,1999,99,0.354325,0.424571,0.365748
1995,1999,100,0.390558,0.466973,0.402331
1995,1999,101,0.419396,0.484926,0.428998
1995,1999,102,0.455621,0.519494,0.464651
1995,1999,103,0.46511,0.566276,0.478802
1995,1999,104,0.504459,0.536196,0.50862
1995,1999,105,0.537372,0.541179,0.537875
1995,1999,106,0.553909,0.558574,0.554534
1995,1999,107,0.59681,0.538907,0.588517
1995,1999,108,0.609968,0.544873,0.600089
1995,1999,109,0.606537,0.53173,0.594671
1995,1999,110,0.525723,0.868858,0.573306
2000,2004,0,0.006311,0.007759,0.007051
2000,2004,1,0.000448,0.00054,0.000495
2000,2004,2,0.000291,0.000366,0.000329
2000,2004,3,0.000209,0.000278,0.000245
2000,2004,4,0.000177,0.000225,0.000201
2000,2004,5,0.000156,0.000193,0.000175
2000,2004,6,0.000135,0.000175,0.000155
2000,2004,7,0.000133,0.000157,0.000146
2000,2004,8,0.000125,0.00016,0.000143
2000,2004,9,0.000129,0.000156,0.000143
2000,2004,10,0.000126,0.000173,0.00015
2000,2004,11,0.000131,0.000178,0.000155
2000,2004,12,0.000139,0.000214,0.000177
2000,2004,13,0.000169,0.000253,0.000212
2000,2004,14,0.000207,0.000327,0.000269
2000,2004,15,0.000255,0.000451,0.000356
2000,2004,16,0.000367,0.000704,0.00054
2000,2004,17,0.000414,0.000902,0.000666
2000,2004,18,0.000462,0.00118,0.000833
2000,2004,19,0.000452,0.001335,0.000907
2000,2004,20,0.000457,0.001357,0.000919
2000,2004,21,0.000485,0.001447,0.000977
2000,2004,22,0.00047,0.001424,0.000957
2000,2004,23,0.000474,0.001399,0.000944
2000,2004,24,0.000489,0.001394,0.000948
2000,2004,25,0.000494,0.001352,0.000929
2000,2004,26,0.000524,0.001379,0.000956
2000,2004,27,0.000544,0.001354,0.000953
2000,2004,28,0.000564,0.00134,0.000955
2000,2004,29,0.000609,0.001387,0.001001
2000,2004,30,0.000625,0.001369,0.001
2000,2004,31,0.000668,0.001441,0.001057
2000,2004,32,0.000733,0.001475,0.001106
2000,2004,33,0.000797,0.001562,0.001181
2000,2004,34,0.000864,0.001647,0.001256
2000,2004,35,0.000943,0.001773,0.001359
2000,2004,36,0.001023,0.001881,0.001452
2000,2004,37,0.001134,0.002049,0.00159
2000,2004,38,0.001235,0.002215,0.001723
2000,2004,39,0.001373,0.002358,0.001863
2000,2004,40,0.001495,0.002573,0.002031
2000,2004,41,0.001611,0.002788,0.002195
2000,2004,42,0.001749,0.002998,0.002369
2000,2004,43,0.001932,0.003275,0.002597
2000,2004,44,0.00207,0.003549,0.002802
2000,2004,45,0.002252,0.00383,0.003031
2000,2004,46,0.002415,0.004203,0.003297
2000,2004,47,0.002582,0.004558,0.003555
2000,2004,48,0.002775,0.004952,0.003846
2000,2004,49,0.003014,0.005275,0.004124
2000,2004,50,0.003227,0.005681,0.00443
2000,2004,51,0.003456,0.006067,0.004735
2000,2004,52,0.003743,0.006503,0.005093
2000,2004,53,0.004067,0.006902,0.005453
2000,2004,54,0.004448,0.007415,0.005896
2000,2004,55,0.004847,0.008086,0.006424
2000,2004,56,0.005298,0.008715,0.006959
2000,2004,57,0.00585,0.009453,0.007596
2000,2004,58,0.006483,0.010391,0.008371
2000,2004,59,0.007103,0.011355,0.00915
2000,2004,60,0.007773,0.012443,0.010012
2000,2004,61,0.008494,0.013395,0.010838
2000,2004,62,0.00933,0.014772,0.011923
2000,2004,63,0.010138,0.01596,0.012902
2000,2004,64,0.011185,0.017407,0.014127
2000,2004,65,0.012081,0.018832,0.015256
2000,2004,66,0.013184,0.020376,0.016546
2000,2004,67,0.014499,0.022364,0.018152
2000,2004,68,0.015665,0.024251,0.019625
2000,2004,69,0.01711,0.026615,0.02146
2000,2004,70,0.018938,0.029083,0.023538
2000,2004,71,0.020469,0.031534,0.025449
2000,2004,72,0.022632,0.034655,0.027986
2000,2004,73,0.024654,0.037983,0.030528
2000,2004,74,0.027152,0.041182,0.033256
2000,2004,75,0.030037,0.045596,0.036704
2000,2004,76,0.03294,0.049665,0.039998
2000,2004,77,0.03629,0.054239,0.043743
2000,2004,78,0.040038,0.059432,0.047955
2000,2004,79,0.044418,0.065792,0.052989
2000,2004,80,0.050788,0.074573,0.060079
2000,2004,81,0.056364,0.082395,0.066318
2000,2004,82,0.0635,0.091691,0.074028
2000,2004,83,0.070933,0.10177,0.082147
2000,2004,84,0.079956,0.113135,0.091663
2000,2004,85,0.089372,0.124843,0.101477
2000,2004,86,0.100329,0.140301,0.113477
2000,2004,87,0.112894,0.154576,0.12605
2000,2004,88,0.126,0.17122,0.139652
2000,2004,89,0.141559,0.190349,0.155601
2000,2004,90,0.157287,0.208777,0.171367
2000,2004,91,0.176322,0.228794,0.189933
2000,2004,92,0.19639,0.253425,0.210405
2000,2004,93,0.21999,0.278514,0.233572
2000,2004,94,0.242103,0.306885,0.256253
2000,2004,95,0.267981,0.329671,0.280688
2000,2004,96,0.293314,0.365168,0.307243
2000,2004,97,0.320739,0.382563,0.332011
2000,2004,98,0.348965,0.416683,0.360606
2000,2004,99,0.374114,0.443924,0.38546
2000,2004,100,0.408656,0.476338,0.418988
2000,2004,101,0.44125,0.511342,0.451287
2000,2004,102,0.470268,0.526095,0.477868
2000,2004,103,0.495223,0.552236,0.502487
2000,2004,104,0.540401,0.592979,0.546822
2000,2004,105,0.577955,0.621459,0.583056
2000,2004,106,0.599172,0.646059,0.604546
2000,2004,107,0.612626,0.543804,0.604174
2000,2004,108,0.657303,0.618278,0.652001
2000,2004,109,0.59031,0.651479,0.599157
2000,2004,110,0.650165,0.80162,0.667362
2005,2009,0,0.006211,0.007578,0.006909
2005,2009,1,0.000428,0.000505,0.000468
2005,2009,2,0.000261,0.000333,0.000298
2005,2009,3,0.00019,0.000249,0.00022
2005,2009,4,0.000154,0.000194,0.000175
2005,2009,5,0.000134,0.000168,0.000152
2005,2009,6,0.000132,0.000146,0.000139
2005,2009,7,0.000115,0.000141,0.000128
2005,2009,8,0.000112,0.000142,0.000127
2005,2009,9,0.000115,0.000138,0.000127
2005,2009,10,0.000111,0.000134,0.000123
2005,2009,11,0.000116,0.000154,0.000136
2005,2009,12,0.00012,0.000162,0.000142
2005,2009,13,0.00014,0.000214,0.000178
2005,2009,14,0.000171,0.000282,0.000228
2005,2009,15,0.000217,0.000399,0.000311
2005,2009,16,0.000298,0.000586,0.000446
2005,2009,17,0.000347,0.000799,0.00058
2005,2009,18,0.000412,0.001096,0.000764
2005,2009,19,0.000429,0.001244,0.000847
2005,2009,20,0.000431,0.001313,0.000883
2005,2009,21,0.000473,0.001434,0.000966
2005,2009,22,0.000469,0.001445,0.00097
2005,2009,23,0.000483,0.00145,0.000977
2005,2009,24,0.000502,0.001451,0.000985
2005,2009,25,0.000512,0.001429,0.000976
2005,2009,26,0.000541,0.001437,0.000991
2005,2009,27,0.000554,0.001444,0.000999
2005,2009,28,0.000591,0.001441,0.001018
2005,2009,29,0.000633,0.001469,0.001054
2005,2009,30,0.000644,0.001444,0.001048
2005,2009,31,0.000685,0.001504,0.001096
2005,2009,32,0.000734,0.001487,0.001111
2005,2009,33,0.000764,0.001534,0.001149
2005,2009,34,0.000822,0.001616,0.001219
2005,2009,35,0.000903,0.001675,0.001289
2005,2009,36,0.00096,0.001732,0.001345
2005,2009,37,0.00104,0.001882,0.00146
2005,2009,38,0.001141,0.002005,0.001571
2005,2009,39,0.001265,0.002126,0.001694
2005,2009,40,0.00139,0.002325,0.001855
2005,2009,41,0.001517,0.002535,0.002023
2005,2009,42,0.00166,0.002789,0.002221
2005,2009,43,0.001846,0.003007,0.002422
2005,2009,44,0.002033,0.003325,0.002672
2005,2009,45,0.002197,0.003608,0.002894
2005,2009,46,0.002389,0.003907,0.00314
2005,2009,47,0.002621,0.004235,0.003418
2005,2009,48,0.002834,0.004625,0.003717
2005,2009,49,0.003036,0.005054,0.00403
2005,2009,50,0.003311,0.005543,0.004407
2005,2009,51,0.003523,0.005964,0.004721
2005,2009,52,0.00381,0.006537,0.005144
2005,2009,53,0.004009,0.007006,0.005474
2005,2009,54,0.00428,0.007452,0.005827
2005,2009,55,0.004609,0.008106,0.006306
2005,2009,56,0.004925,0.008493,0.006658
2005,2009,57,0.005333,0.009145,0.007181
2005,2009,58,0.005787,0.009728,0.007695
2005,2009,59,0.006332,0.010444,0.008319
2005,2009,60,0.007009,0.011458,0.009151
2005,2009,61,0.007551,0.012048,0.009715
2005,2009,62,0.008333,0.013225,0.010677
2005,2009,63,0.00917,0.014454,0.011693
2005,2009,64,0.009989,0.015735,0.012722
2005,2009,65,0.010882,0.016935,0.013744
2005,2009,66,0.011738,0.018197,0.014783
2005,2009,67,0.012869,0.019581,0.01602
2005,2009,68,0.013928,0.021118,0.017285
2005,2009,69,0.015319,0.0231,0.018927
2005,2009,70,0.016906,0.025285,0.020763
2005,2009,71,0.018396,0.027266,0.022456
2005,2009,72,0.020318,0.029973,0.024693
2005,2009,73,0.022329,0.032965,0.027109
2005,2009,74,0.024662,0.035882,0.029656
2005,2009,75,0.027218,0.039812,0.032753
2005,2009,76,0.029758,0.04294,0.035495
2005,2009,77,0.033002,0.04772,0.039318
2005,2009,78,0.036567,0.052469,0.043288
2005,2009,79,0.040363,0.057627,0.047531
2005,2009,80,0.044914,0.0641,0.052707
2005,2009,81,0.050026,0.071077,0.058392
2005,2009,82,0.056431,0.078929,0.065168
2005,2009,83,0.063279,0.087995,0.072641
2005,2009,84,0.071146,0.09846,0.081229
2005,2009,85,0.080666,0.110207,0.091285
2005,2009,86,0.09117,0.123188,0.102343
2005,2009,87,0.102342,0.137233,0.114124
2005,2009,88,0.116076,0.153411,0.128231
2005,2009,89,0.130366,0.171647,0.143252
2005,2009,90,0.146763,0.190862,0.159899
2005,2009,91,0.164705,0.212522,0.178243
2005,2009,92,0.185004,0.236258,0.198726
2005,2009,93,0.205667,0.262512,0.219995
2005,2009,94,0.228331,0.290426,0.24298
2005,2009,95,0.254023,0.318451,0.268202
2005,2009,96,0.278593,0.339863,0.291189
2005,2009,97,0.306352,0.375418,0.319595
2005,2009,98,0.335517,0.399484,0.346941
2005,2009,99,0.359602,0.432094,0.371708
2005,2009,100,0.394283,0.469266,0.40584
2005,2009,101,0.432473,0.519227,0.444981
2005,2009,102,0.45382,0.513208,0.461765
2005,2009,103,0.492643,0.553603,0.500401
2005,2009,104,0.522952,0.608572,0.533325
2005,2009,105,0.556243,0.612963,0.562923
2005,2009,106,0.588438,0.734619,0.604297
2005,2009,107,0.587138,0.554617,0.583767
2005,2009,108,0.658705,0.497163,0.641012
2005,2009,109,0.630339,0.503062,0.613808
2005,2009,110,0.724614,0.837511,0.738765
2010,2014,0,0.005462,0.006554,0.00602
2010,2014,1,0.00038,0.000442,0.000411
2010,2014,2,0.000225,0.000299,0.000263
2010,2014,3,0.000169,0.000225,0.000198
2010,2014,4,0.000138,0.000185,0.000162
2010,2014,5,0.000119,0.000146,0.000133
2010,2014,6,0.000106,0.000127,0.000117
2010,2014,7,0.000094,0.000128,0.000112
2010,2014,8,0.000099,0.000123,0.000111
2010,2014,9,0.000095,0.000124,0.00011
2010,2014,10,0.000094,0.000117,0.000106
2010,2014,11,0.000098,0.000134,0.000116
2010,2014,12,0.00011,0.000149,0.00013
2010,2014,13,0.000126,0.000184,0.000156
2010,2014,14,0.000152,0.00024,0.000197
2010,2014,15,0.00018,0.000319,0.000251
2010,2014,16,0.000231,0.000466,0.000351
2010,2014,17,0.000269,0.000615,0.000447
2010,2014,18,0.000322,0.000871,0.000604
2010,2014,19,0.000362,0.000999,0.000689
2010,2014,20,0.000387,0.00108,0.000742
2010,2014,21,0.000428,0.001216,0.000831
2010,2014,22,0.000446,0.001282,0.000874
2010,2014,23,0.000461,0.001287,0.000883
2010,2014,24,0.000487,0.001322,0.000913
2010,2014,25,0.000509,0.001327,0.000925
2010,2014,26,0.000547,0.001365,0.000962
2010,2014,27,0.00055,0.00136,0.00096
2010,2014,28,0.000595,0.001391,0.000997
2010,2014,29,0.000635,0.00143,0.001035
2010,2014,30,0.000668,0.001445,0.001059
2010,2014,31,0.000701,0.0015,0.001102
2010,2014,32,0.000748,0.001504,0.001127
2010,2014,33,0.000787,0.001557,0.001173
2010,2014,34,0.000846,0.00161,0.001228
2010,2014,35,0.000916,0.001643,0.00128
2010,2014,36,0.000964,0.001707,0.001335
2010,2014,37,0.001025,0.001778,0.0014
2010,2014,38,0.001108,0.001857,0.00148
2010,2014,39,0.001189,0.001987,0.001586
2010,2014,40,0.001289,0.00212,0.001702
2010,2014,41,0.001403,0.002276,0.001837
2010,2014,42,0.00155,0.002454,0.001999
2010,2014,43,0.001684,0.002623,0.00215
2010,2014,44,0.001849,0.002861,0.002352
2010,2014,45,0.002012,0.003149,0.002576
2010,2014,46,0.002248,0.003504,0.00287
2010,2014,47,0.002443,0.003891,0.003159
2010,2014,48,0.002677,0.004255,0.003456
2010,2014,49,0.002956,0.00467,0.003801
2010,2014,50,0.003216,0.005148,0.004166
2010,2014,51,0.003507,0.005604,0.004537
2010,2014,52,0.003786,0.006102,0.004922
2010,2014,53,0.004023,0.006632,0.005301
2010,2014,54,0.00436,0.007159,0.005728
2010,2014,55,0.00467,0.007858,0.006224
2010,2014,56,0.005022,0.008507,0.006716
2010,2014,57,0.00539,0.009118,0.007197
2010,2014,58,0.005724,0.009848,0.007718
2010,2014,59,0.006103,0.010525,0.008235
2010,2014,60,0.006579,0.011292,0.008845
2010,2014,61,0.007094,0.011997,0.009446
2010,2014,62,0.007692,0.012857,0.010165
2010,2014,63,0.008376,0.01364,0.010893
2010,2014,64,0.009132,0.014602,0.011743
2010,2014,65,0.009926,0.015526,0.012591
2010,2014,66,0.010817,0.016854,0.013681
2010,2014,67,0.011807,0.018143,0.0148
2010,2014,68,0.013003,0.01987,0.016229
2010,2014,69,0.014262,0.021487,0.017637
2010,2014,70,0.015712,0.023501,0.01933
2010,2014,71,0.017166,0.025437,0.020987
2010,2014,72,0.01874,0.027756,0.022878
2010,2014,73,0.020421,0.030133,0.024849
2010,2014,74,0.022629,0.032864,0.027262
2010,2014,75,0.025043,0.036118,0.030012
2010,2014,76,0.027751,0.039657,0.03304
2010,2014,77,0.030759,0.043706,0.036447
2010,2014,78,0.034072,0.047988,0.040112
2010,2014,79,0.037904,0.052732,0.044253
2010,2014,80,0.042329,0.058698,0.049234
2010,2014,81,0.047008,0.065032,0.054484
2010,2014,82,0.052499,0.072276,0.060551
2010,2014,83,0.058315,0.079377,0.066722
2010,2014,84,0.065539,0.088449,0.074477
2010,2014,85,0.073797,0.097701,0.082883
2010,2014,86,0.082574,0.108732,0.092247
2010,2014,87,0.093399,0.122047,0.103675
2010,2014,88,0.105567,0.137403,0.116596
2010,2014,89,0.119743,0.153935,0.131169
2010,2014,90,0.13661,0.174568,0.148836
2010,2014,91,0.152627,0.194076,0.165423
2010,2014,92,0.171825,0.21838,0.185543
2010,2014,93,0.191587,0.243922,0.206205
2010,2014,94,0.21591,0.269915,0.230119
2010,2014,95,0.239355,0.296257,0.253405
2010,2014,96,0.265724,0.328711,0.280216
2010,2014,97,0.292275,0.359188,0.306508
2010,2014,98,0.321674,0.388741,0.334903
2010,2014,99,0.346587,0.418796,0.359684
2010,2014,100,0.376656,0.458784,0.39033
2010,2014,101,0.409128,0.489988,0.421431
2010,2014,102,0.44358,0.532026,0.455927
2010,2014,103,0.477091,0.562926,0.488067
2010,2014,104,0.5042,0.58713,0.513838
2010,2014,105,0.544747,0.648958,0.555567
2010,2014,106,0.566724,0.587324,0.568728
2010,2014,107,0.55762,0.67011,0.568176
2010,2014,108,0.636758,0.611534,0.634504
2010,2014,109,0.659423,0.57107,0.65073
2010,2014,110,0.593686,0.520294,0.584734
2015,2017,0,0.005298,0.00634,0.005831
2015,2017,1,0.000348,0.000434,0.000392
2015,2017,2,0.000226,0.00028,0.000254
2015,2017,3,0.000163,0.000227,0.000196
2015,2017,4,0.00014,0.000164,0.000152
2015,2017,5,0.000117,0.000148,0.000133
2015,2017,6,0.00011,0.000131,0.000121
2015,2017,7,0.000111,0.000125,0.000118
2015,2017,8,0.000098,0.000127,0.000113
2015,2017,9,0.000097,0.000118,0.000108
2015,2017,10,0.000091,0.000133,0.000112
2015,2017,11,0.000106,0.000134,0.00012
2015,2017,12,0.00011,0.000157,0.000134
2015,2017,13,0.000136,0.000192,0.000165
2015,2017,14,0.000171,0.000256,0.000214
2015,2017,15,0.000194,0.000358,0.000277
2015,2017,16,0.000243,0.0005,0.000374
2015,2017,17,0.00028,0.000658,0.000473
2015,2017,18,0.000365,0.000909,0.000643
2015,2017,19,0.000392,0.001082,0.000746
2015,2017,20,0.000425,0.001169,0.000806
2015,2017,21,0.000478,0.001317,0.000908
2015,2017,22,0.000494,0.001383,0.000951
2015,2017,23,0.000524,0.001445,0.000997
2015,2017,24,0.000539,0.001513,0.001038
2015,2017,25,0.000591,0.001559,0.001085
2015,2017,26,0.000602,0.001564,0.001092
2015,2017,27,0.000669,0.001643,0.001164
2015,2017,28,0.00071,0.001693,0.001209
2015,2017,29,0.00072,0.001721,0.001228
2015,2017,30,0.000785,0.00172,0.001258
2015,2017,31,0.00084,0.001785,0.001318
2015,2017,32,0.000902,0.001873,0.001391
2015,2017,33,0.000946,0.001914,0.001432
2015,2017,34,0.000994,0.001985,0.001491
2015,2017,35,0.001045,0.002025,0.001536
2015,2017,36,0.001123,0.002081,0.001602
2015,2017,37,0.001172,0.002166,0.001669
2015,2017,38,0.001233,0.002218,0.001724
2015,2017,39,0.001295,0.002308,0.0018
2015,2017,40,0.001388,0.002373,0.001878
2015,2017,41,0.00147,0.002494,0.001979
2015,2017,42,0.001621,0.002593,0.002103
2015,2017,43,0.001736,0.002811,0.002268
2015,2017,44,0.001861,0.003009,0.00243
2015,2017,45,0.002044,0.00325,0.002642
2015,2017,46,0.002229,0.003517,0.002868
2015,2017,47,0.002388,0.003787,0.003081
2015,2017,48,0.002632,0.004108,0.003362
2015,2017,49,0.002894,0.004534,0.003704
2015,2017,50,0.003181,0.004993,0.004075
2015,2017,51,0.003465,0.005503,0.004469
2015,2017,52,0.003787,0.006015,0.004882
2015,2017,53,0.004124,0.006617,0.005346
2015,2017,54,0.004451,0.007245,0.005817
2015,2017,55,0.00483,0.007873,0.006316
2015,2017,56,0.005213,0.008436,0.006784
2015,2017,57,0.005643,0.009255,0.0074
2015,2017,58,0.006028,0.009908,0.007909
2015,2017,59,0.006446,0.010782,0.00854
2015,2017,60,0.006888,0.011527,0.009121
2015,2017,61,0.007323,0.012409,0.009762
2015,2017,62,0.007919,0.013287,0.010484
2015,2017,63,0.008511,0.014391,0.011311
2015,2017,64,0.009139,0.015262,0.012045
2015,2017,65,0.009791,0.016167,0.01281
2015,2017,66,0.010484,0.016988,0.013557
2015,2017,67,0.011489,0.018147,0.014631
2015,2017,68,0.012564,0.019405,0.015786
2015,2017,69,0.013835,0.021085,0.017239
2015,2017,70,0.015096,0.022618,0.018611
2015,2017,71,0.016564,0.025029,0.020496
2015,2017,72,0.018545,0.027147,0.022517
2015,2017,73,0.020389,0.029841,0.024726
2015,2017,74,0.022275,0.032542,0.026951
2015,2017,75,0.024617,0.035461,0.029518
2015,2017,76,0.026778,0.038545,0.032057
2015,2017,77,0.029932,0.042403,0.035487
2015,2017,78,0.033158,0.046267,0.038944
2015,2017,79,0.036999,0.051349,0.04326
2015,2017,80,0.041449,0.056816,0.048065
2015,2017,81,0.04576,0.062957,0.05306
2015,2017,82,0.051704,0.069599,0.059184
2015,2017,83,0.057489,0.077148,0.065567
2015,2017,84,0.064405,0.086102,0.07315
2015,2017,85,0.072292,0.095126,0.081299
2015,2017,86,0.080649,0.10598,0.090408
2015,2017,87,0.090678,0.117645,0.100818
2015,2017,88,0.100883,0.128382,0.110975
2015,2017,89,0.112259,0.141254,0.122602
2015,2017,90,0.127295,0.156867,0.137462
2015,2017,91,0.143718,0.175721,0.154255
2015,2017,92,0.161471,0.199125,0.173329
2015,2017,93,0.181031,0.222239,0.193423
2015,2017,94,0.202033,0.246308,0.214691
2015,2017,95,0.227281,0.275588,0.240325
2015,2017,96,0.250551,0.302255,0.26367
2015,2017,97,0.278497,0.331965,0.291124
2015,2017,98,0.305891,0.361514,0.3181
2015,2017,99,0.331976,0.396038,0.344967
2015,2017,100,0.362597,0.42389,0.373994
2015,2017,101,0.394602,0.460356,0.405654
2015,2017,102,0.427934,0.499934,0.438922
2015,2017,103,0.448575,0.541031,0.461157
2015,2017,104,0.489646,0.553938,0.497503
2015,2017,105,0.530914,0.544156,0.532431
2015,2017,106,0.524988,0.611469,0.534164
2015,2017,107,0.570304,0.613339,0.574439
2015,2017,108,0.583335,0.571967,0.582289
2015,2017,109,0.584109,0.52176,0.578262
2015,2017,110,0.628871,0.546926,0.62057