20,0.00034,100000,=C1*B1,=(1-B1)*(1+E2),0.000947,100000,=G1*F1,=(1-F1)*(1+I2)
21,0.000329,=C1-D1,=C2*B2,=(1-B2)*(1+E3),0.000895,=G1-H1,=G2*F2,=(1-F2)*(1+I3)
22,0.000323,=C2-D2,=C3*B3,=(1-B3)*(1+E4),0.000846,=G2-H2,=G3*F3,=(1-F3)*(1+I4)
23,0.000328,=C3-D3,=C4*B4,=(1-B4)*(1+E5),0.000802,=G3-H3,=G4*F4,=(1-F4)*(1+I5)
24,0.000342,=C4-D4,=C5*B5,=(1-B5)*(1+E6),0.000762,=G4-H4,=G5*F5,=(1-F5)*(1+I6)
25,0.000361,=C5-D5,=C6*B6,=(1-B6)*(1+E7),0.000727,=G5-H5,=G6*F6,=(1-F6)*(1+I7)
26,0.000376,=C6-D6,=C7*B7,=(1-B7)*(1+E8),0.000697,=G6-H6,=G7*F7,=(1-F7)*(1+I8)
27,0.000389,=C7-D7,=C8*B8,=(1-B8)*(1+E9),0.000674,=G7-H7,=G8*F8,=(1-F8)*(1+I9)
28,0.000397,=C8-D8,=C9*B9,=(1-B9)*(1+E10),0.000657,=G8-H8,=G9*F9,=(1-F9)*(1+I10)
29,0.000401,=C9-D9,=C10*B10,=(1-B10)*(1+E11),0.000647,=G9-H9,=G10*F10,=(1-F10)*(1+I11)
30,0.000409,=C10-D10,=C11*B11,=(1-B11)*(1+E12),0.000646,=G10-H10,=G11*F11,=(1-F11)*(1+I12)
31,0.000424,=C11-D11,=C12*B12,=(1-B12)*(1+E13),0.000652,=G11-H11,=G12*F12,=(1-F12)*(1+I13)
32,0.000446,=C12-D12,=C13*B13,=(1-B13)*(1+E14),0.000669,=G12-H12,=G13*F13,=(1-F13)*(1+I14)
33,0.000475,=C13-D13,=C14*B14,=(1-B14)*(1+E15),0.000696,=G13-H13,=G14*F14,=(1-F14)*(1+I15)
34,0.000513,=C14-D14,=C15*B15,=(1-B15)*(1+E16),0.000734,=G14-H14,=G15*F15,=(1-F15)*(1+I16)
35,0.000561,=C15-D15,=C16*B16,=(1-B16)*(1+E17),0.000784,=G15-H15,=G16*F16,=(1-F16)*(1+I17)
36,0.000619,=C16-D16,=C17*B17,=(1-B17)*(1+E18),0.000849,=G16-H16,=G17*F17,=(1-F17)*(1+I18)
37,0.000689,=C17-D17,=C18*B18,=(1-B18)*(1+E19),0.000928,=G17-H17,=G18*F18,=(1-F18)*(1+I19)
38,0.000771,=C18-D18,=C19*B19,=(1-B19)*(1+E20),0.001024,=G18-H18,=G19*F19,=(1-F19)*(1+I20)
39,0.000865,=C19-D19,=C20*B20,=(1-B20)*(1+E21),0.001137,=G19-H19,=G20*F20,=(1-F20)*(1+I21)
40,0.000972,=C20-D20,=C21*B21,=(1-B21)*(1+E22),0.001271,=G20-H20,=G21*F21,=(1-F21)*(1+I22)
41,0.001092,=C21-D21,=C22*B22,=(1-B22)*(1+E23),0.001426,=G21-H21,=G22*F22,=(1-F22)*(1+I23)
42,0.001224,=C22-D22,=C23*B23,=(1-B23)*(1+E24),0.001605,=G22-H22,=G23*F23,=(1-F23)*(1+I24)
43,0.001367,=C23-D23,=C24*B24,=(1-B24)*(1+E25),0.001809,=G23-H23,=G24*F24,=(1-F24)*(1+I25)
44,0.001521,=C24-D24,=C25*B25,=(1-B25)*(1+E26),0.002043,=G24-H24,=G25*F25,=(1-F25)*(1+I26)
45,0.001686,=C25-D25,=C26*B26,=(1-B26)*(1+E27),0.002307,=G25-H25,=G26*F26,=(1-F26)*(1+I27)
46,0.001859,=C26-D26,=C27*B27,=(1-B27)*(1+E28),0.002605,=G26-H26,=G27*F27,=(1-F27)*(1+I28)
47,0.002042,=C27-D27,=C28*B28,=(1-B28)*(1+E29),0.002941,=G27-H27,=G28*F28,=(1-F28)*(1+I29)
48,0.002233,=C28-D28,=C29*B29,=(1-B29)*(1+E30),0.003318,=G28-H28,=G29*F29,=(1-F29)*(1+I30)
49,0.002434,=C29-D29,=C30*B30,=(1-B30)*(1+E31),0.003739,=G29-H29,=G30*F30,=(1-F30)*(1+I31)
50,0.002645,=C30-D30,=C31*B31,=(1-B31)*(1+E32),0.004209,=G30-H30,=G31*F31,=(1-F31)*(1+I32)
51,0.002868,=C31-D31,=C32*B32,=(1-B32)*(1+E33),0.004733,=G31-H31,=G32*F32,=(1-F32)*(1+I33)
52,0.003105,=C32-D32,=C33*B33,=(1-B33)*(1+E34),0.005319,=G32-H32,=G33*F33,=(1-F33)*(1+I34)
53,0.003358,=C33-D33,=C34*B34,=(1-B34)*(1+E35),0.005988,=G33-H33,=G34*F34,=(1-F34)*(1+I35)
54,0.003629,=C34-D34,=C35*B35,=(1-B35)*(1+E36),0.006761,=G34-H34,=G35*F35,=(1-F35)*(1+I36)
55,0.003929,=C35-D35,=C36*B36,=(1-B36)*(1+E37),0.007647,=G35-H35,=G36*F36,=(1-F36)*(1+I37)
56,0.00427,=C36-D36,=C37*B37,=(1-B37)*(1+E38),0.008648,=G36-H36,=G37*F37,=(1-F37)*(1+I38)
57,0.004667,=C37-D37,=C38*B38,=(1-B38)*(1+E39),0.009759,=G37-H37,=G38*F38,=(1-F38)*(1+I39)
58,0.005132,=C38-D38,=C39*B39,=(1-B39)*(1+E40),0.010971,=G38-H38,=G39*F39,=(1-F39)*(1+I40)
59,0.005674,=C39-D39,=C40*B40,=(1-B40)*(1+E41),0.012274,=G39-H39,=G40*F40,=(1-F40)*(1+I41)
60,0.006301,=C40-D40,=C41*B41,=(1-B41)*(1+E42),0.013657,=G40-H40,=G41*F41,=(1-F41)*(1+I42)
61,0.007014,=C41-D41,=C42*B42,=(1-B42)*(1+E43),0.015116,=G41-H41,=G42*F42,=(1-F42)*(1+I43)
62,0.007813,=C42-D42,=C43*B43,=(1-B43)*(1+E44),0.016652,=G42-H42,=G43*F43,=(1-F43)*(1+I44)
63,0.008697,=C43-D43,=C44*B44,=(1-B44)*(1+E45),0.018274,=G43-H43,=G44*F44,=(1-F44)*(1+I45)
64,0.009669,=C44-D44,=C45*B45,=(1-B45)*(1+E46),0.019999,=G44-H44,=G45*F45,=(1-F45)*(1+I46)
65,0.010737,=C45-D45,=C46*B46,=(1-B46)*(1+E47),0.021853,=G45-H45,=G46*F46,=(1-F46)*(1+I47)
66,0.011915,=C46-D46,=C47*B47,=(1-B47)*(1+E48),0.023862,=G46-H46,=G47*F47,=(1-F47)*(1+I48)
67,0.01322,=C47-D47,=C48*B48,=(1-B48)*(1+E49),0.026049,=G47-H47,=G48*F48,=(1-F48)*(1+I49)
68,0.014665,=C48-D48,=C49*B49,=(1-B49)*(1+E50),0.028432,=G48-H48,=G49*F49,=(1-F49)*(1+I50)
69,0.016265,=C49-D49,=C50*B50,=(1-B50)*(1+E51),0.031025,=G49-H49,=G50*F50,=(1-F50)*(1+I51)
70,0.018037,=C50-D50,=C51*B51,=(1-B51)*(1+E52),0.033846,=G50-H50,=G51*F51,=(1-F51)*(1+I52)
71,0.019998,=C51-D51,=C52*B52,=(1-B52)*(1+E53),0.036914,=G51-H51,=G52*F52,=(1-F52)*(1+I53)
72,0.022167,=C52-D52,=C53*B53,=(1-B53)*(1+E54),0.040249,=G52-H52,=G53*F53,=(1-F53)*(1+I54)
73,0.024566,=C53-D53,=C54*B54,=(1-B54)*(1+E55),0.043871,=G53-H53,=G54*F54,=(1-F54)*(1+I55)
74,0.027217,=C54-D54,=C55*B55,=(1-B55)*(1+E56),0.047803,=G54-H54,=G55*F55,=(1-F55)*(1+I56)
75,0.030145,=C55-D55,=C56*B56,=(1-B56)*(1+E57),0.052068,=G55-H55,=G56*F56,=(1-F56)*(1+I57)
76,0.033377,=C56-D56,=C57*B57,=(1-B57)*(1+E58),0.056691,=G56-H56,=G57*F57,=(1-F57)*(1+I58)
77,0.036943,=C57-D57,=C58*B58,=(1-B58)*(1+E59),0.061697,=G57-H57,=G58*F58,=(1-F58)*(1+I59)
78,0.040874,=C58-D58,=C59*B59,=(1-B59)*(1+E60),0.067115,=G58-H58,=G59*F59,=(1-F59)*(1+I60)
79,0.045203,=C59-D59,=C60*B60,=(1-B60)*(1+E61),0.072971,=G59-H59,=G60*F60,=(1-F60)*(1+I61)
80,0.049967,=C60-D60,=C61*B61,=(1-B61)*(1+E62),0.079295,=G60-H60,=G61*F61,=(1-F61)*(1+I62)
81,0.055204,=C61-D61,=C62*B62,=(1-B62)*(1+E63),0.086115,=G61-H61,=G62*F62,=(1-F62)*(1+I63)
82,0.060955,=C62-D62,=C63*B63,=(1-B63)*(1+E64),0.093463,=G62-H62,=G63*F63,=(1-F63)*(1+I64)
83,0.067262,=C63-D63,=C64*B64,=(1-B64)*(1+E65),0.101369,=G63-H63,=G64*F64,=(1-F64)*(1+I65)
84,0.07417,=C64-D64,=C65*B65,=(1-B65)*(1+E66),0.109861,=G64-H64,=G65*F65,=(1-F65)*(1+I66)
85,0.081726,=C65-D65,=C66*B66,=(1-B66)*(1+E67),0.118972,=G65-H65,=G66*F66,=(1-F66)*(1+I67)
86,0.089976,=C66-D66,=C67*B67,=(1-B67)*(1+E68),0.128728,=G66-H66,=G67*F67,=(1-F67)*(1+I68)
87,0.09897,=C67-D67,=C68*B68,=(1-B68)*(1+E69),0.139159,=G67-H67,=G68*F68,=(1-F68)*(1+I69)
88,0.108755,=C68-D68,=C69*B69,=(1-B69)*(1+E70),0.150288,=G68-H68,=G69*F69,=(1-F69)*(1+I70)
89,0.119379,=C69-D69,=C70*B70,=(1-B70)*(1+E71),0.16214,=G69-H69,=G70*F70,=(1-F70)*(1+I71)
90,0.130889,=C70-D70,=C71*B71,=(1-B71)*(1+E72),0.174735,=G70-H70,=G71*F71,=(1-F71)*(1+I72)
91,0.143328,=C71-D71,=C72*B72,=(1-B72)*(1+E73),0.188088,=G71-H71,=G72*F72,=(1-F72)*(1+I73)
92,0.156736,=C72-D72,=C73*B73,=(1-B73)*(1+E74),0.202211,=G72-H72,=G73*F73,=(1-F73)*(1+I74)
93,0.171147,=C73-D73,=C74*B74,=(1-B74)*(1+E75),0.217112,=G73-H73,=G74*F74,=(1-F74)*(1+I75)
94,0.186591,=C74-D74,=C75*B75,=(1-B75)*(1+E76),0.23279,=G74-H74,=G75*F75,=(1-F75)*(1+I76)
95,0.203086,=C75-D75,=C76*B76,=(1-B76)*(1+E77),0.24924,=G75-H75,=G76*F76,=(1-F76)*(1+I77)
96,0.220644,=C76-D76,=C77*B77,=(1-B77)*(1+E78),0.266449,=G76-H76,=G77*F77,=(1-F77)*(1+I78)
97,0.239265,=C77-D77,=C78*B78,=(1-B78)*(1+E79),0.284395,=G77-H77,=G78*F78,=(1-F78)*(1+I79)
98,0.258935,=C78-D78,=C79*B79,=(1-B79)*(1+E80),0.303051,=G78-H78,=G79*F79,=(1-F79)*(1+I80)
99,0.279627,=C79-D79,=C80*B80,=(1-B80)*(1+E81),0.32238,=G79-H79,=G80*F80,=(1-F80)*(1+I81)
100,0.301301,=C80-D80,=C81*B81,=(1-B81)*(1+E82),0.342336,=G80-H80,=G81*F81,=(1-F81)*(1+I82)
101,0.323899,=C81-D81,=C82*B82,=(1-B82)*(1+E83),0.362865,=G81-H81,=G82*F82,=(1-F82)*(1+I83)
102,0.34735,=C82-D82,=C83*B83,=(1-B83)*(1+0),0.383907,=G82-H82,=G83*F83,=(1-F83)*(1+0)
