Year,Age,Female,Male,Total
2003,0,0.004846,0.005998,0.005447
2003,1,0.000477,0.000418,0.000446
2003,2,0.000291,0.000409,0.000353
2003,3,0.000286,0.00031,0.000298
2003,4,0.000261,0.000347,0.000306
2003,5,0.000168,0.000259,0.000215
2003,6,0.000222,0.000258,0.000241
2003,7,0.00016,0.000253,0.000209
2003,8,0.000121,0.00018,0.000152
2003,9,0.000138,0.000173,0.000157
2003,10,0.00013,0.000179,0.000156
2003,11,0.000118,0.000184,0.000153
2003,12,0.000122,0.00015,0.000137
2003,13,0.000126,0.000155,0.000142
2003,14,0.000124,0.000241,0.000186
2003,15,0.000198,0.000295,0.000249
2003,16,0.000263,0.000417,0.000343
2003,17,0.000278,0.000486,0.000387
2003,18,0.000264,0.000612,0.000445
2003,19,0.000293,0.000692,0.000499
2003,20,0.00029,0.000629,0.000465
2003,21,0.000323,0.000553,0.000441
2003,22,0.000378,0.000687,0.000537
2003,23,0.000379,0.000756,0.000571
2003,24,0.000362,0.000853,0.000614
2003,25,0.00038,0.00082,0.000605
2003,26,0.000428,0.00085,0.000643
2003,27,0.000446,0.000863,0.000659
2003,28,0.000454,0.000896,0.000679
2003,29,0.000458,0.000999,0.000733
2003,30,0.000477,0.001034,0.000761
2003,31,0.000492,0.001042,0.000775
2003,32,0.000511,0.001117,0.000821
2003,33,0.000592,0.001164,0.000883
2003,34,0.000677,0.001508,0.001098
2003,35,0.000661,0.001384,0.001024
2003,36,0.000708,0.001686,0.00121
2003,37,0.000785,0.001761,0.001289
2003,38,0.00077,0.002188,0.001494
2003,39,0.0009,0.002244,0.001592
2003,40,0.001002,0.002492,0.001773
2003,41,0.000995,0.002768,0.001904
2003,42,0.001054,0.003137,0.002109
2003,43,0.001271,0.00348,0.002389
2003,44,0.001376,0.003804,0.002613
2003,45,0.001269,0.003989,0.002662
2003,46,0.001546,0.004444,0.003026
2003,47,0.001746,0.004947,0.003361
2003,48,0.001807,0.005251,0.003546
2003,49,0.00191,0.005609,0.003784
2003,50,0.002064,0.005878,0.003983
2003,51,0.002432,0.007075,0.00477
2003,52,0.002268,0.007212,0.004758
2003,53,0.002648,0.007991,0.005334
2003,54,0.002701,0.008283,0.005503
2003,55,0.003028,0.008308,0.005658
2003,56,0.003528,0.009552,0.006516
2003,57,0.003425,0.009461,0.00641
2003,58,0.003975,0.01118,0.007471
2003,59,0.00445,0.011553,0.007845
2003,60,0.004815,0.01358,0.009002
2003,61,0.005274,0.014922,0.009864
2003,62,0.005806,0.016582,0.010863
2003,63,0.006511,0.017207,0.011475
2003,64,0.007634,0.019101,0.012905
2003,65,0.008219,0.020923,0.01399
2003,66,0.009088,0.023818,0.015683
2003,67,0.011137,0.025207,0.017305
2003,68,0.01266,0.028724,0.019545
2003,69,0.013967,0.031934,0.02147
2003,70,0.016293,0.034574,0.023712
2003,71,0.018099,0.037519,0.025705
2003,72,0.020337,0.041919,0.028401
2003,73,0.023985,0.046056,0.032075
2003,74,0.027109,0.051234,0.035867
2003,75,0.031331,0.056331,0.040139
2003,76,0.036077,0.063114,0.045474
2003,77,0.04213,0.06769,0.050857
2003,78,0.04798,0.075928,0.057657
2003,79,0.050373,0.082518,0.061377
2003,80,0.064555,0.097781,0.075386
2003,81,0.06803,0.102939,0.079131
2003,82,0.075877,0.108403,0.08613
2003,83,0.088841,0.12461,0.099985
2003,84,0.096574,0.133539,0.107723
2003,85,0.110478,0.153299,0.122624
2003,86,0.123796,0.17253,0.13671
2003,87,0.137221,0.182381,0.148522
2003,88,0.150041,0.193259,0.160341
2003,89,0.161725,0.214991,0.173774
2003,90,0.191815,0.233722,0.200956
2003,91,0.207649,0.247239,0.21617
2003,92,0.223828,0.253466,0.230207
2003,93,0.236446,0.298445,0.249761
2003,94,0.26257,0.327237,0.27544
2003,95,0.28253,0.30106,0.285799
2003,96,0.295508,0.311837,0.298185
2003,97,0.324787,0.334198,0.326229
2003,98,0.351321,0.289942,0.34257
2003,99,0.300709,0.419536,0.316802
2003,100,0.436793,0.530764,0.448537
2003,101,0.470666,0.580636,0.483397
2003,102,0.506253,0.647296,0.521118
2003,103,0.544281,0.736107,0.562396
2003,104,0.585008,0.849761,0.607157
2003,105,0.631057,1.141573,0.663963
2003,106,0.687387,2,0.738663
2003,107,0.752696,4.216216,0.820441
2003,108,0.850649,.,0.850649
2003,109,0.993072,.,0.993072
2003,110,1.792869,.,1.792869
2004,0,0.00457,0.005094,0.004842
2004,1,0.000405,0.000443,0.000425
2004,2,0.000332,0.000403,0.000369
2004,3,0.000257,0.000336,0.000298
2004,4,0.000246,0.00027,0.000258
2004,5,0.000164,0.000268,0.000218
2004,6,0.000184,0.000224,0.000205
2004,7,0.000157,0.000253,0.000207
2004,8,0.000136,0.000234,0.000188
2004,9,0.00013,0.000165,0.000148
2004,10,0.000114,0.000186,0.000153
2004,11,0.000121,0.000171,0.000148
2004,12,0.000089,0.000145,0.000119
2004,13,0.000148,0.000182,0.000166
2004,14,0.000159,0.0002,0.000181
2004,15,0.000148,0.000317,0.000237
2004,16,0.000188,0.000327,0.000261
2004,17,0.000189,0.000415,0.000307
2004,18,0.000222,0.000535,0.000386
2004,19,0.000284,0.000571,0.000433
2004,20,0.000276,0.000624,0.000456
2004,21,0.000298,0.000521,0.000413
2004,22,0.000298,0.000577,0.000442
2004,23,0.000318,0.000569,0.000447
2004,24,0.000325,0.000667,0.0005
2004,25,0.000421,0.000595,0.00051
2004,26,0.000399,0.000801,0.000605
2004,27,0.000344,0.000707,0.000529
2004,28,0.000355,0.000787,0.000575
2004,29,0.000383,0.000837,0.000614
2004,30,0.00045,0.000788,0.000622
2004,31,0.000444,0.000856,0.000654
2004,32,0.00046,0.000926,0.000699
2004,33,0.000567,0.001069,0.000824
2004,34,0.000574,0.001146,0.000865
2004,35,0.000627,0.001384,0.00101
2004,36,0.000672,0.00156,0.001118
2004,37,0.000762,0.001647,0.001215
2004,38,0.000832,0.001885,0.001376
2004,39,0.000888,0.002034,0.001472
2004,40,0.00083,0.002269,0.001571
2004,41,0.000976,0.002627,0.001829
2004,42,0.001118,0.002752,0.001954
2004,43,0.001286,0.003326,0.002317
2004,44,0.001363,0.003515,0.00245
2004,45,0.001346,0.003828,0.002609
2004,46,0.001442,0.004306,0.002907
2004,47,0.001646,0.004729,0.003218
2004,48,0.001666,0.005033,0.003362
2004,49,0.001874,0.00549,0.003697
2004,50,0.00193,0.005888,0.003932
2004,51,0.00203,0.006353,0.0042
2004,52,0.002444,0.007264,0.004866
2004,53,0.00234,0.007305,0.004834
2004,54,0.002832,0.00826,0.005554
2004,55,0.002756,0.008596,0.005679
2004,56,0.003001,0.009041,0.006001
2004,57,0.003541,0.010214,0.00684
2004,58,0.003551,0.010199,0.006828
2004,59,0.004093,0.011596,0.007721
2004,60,0.004555,0.012182,0.008187
2004,61,0.004987,0.014081,0.009311
2004,62,0.005688,0.01603,0.010583
2004,63,0.00605,0.016621,0.010983
2004,64,0.007096,0.019124,0.012644
2004,65,0.007811,0.020027,0.013389
2004,66,0.008897,0.02249,0.01503
2004,67,0.010174,0.026149,0.017269
2004,68,0.011425,0.027811,0.018546
2004,69,0.013052,0.029877,0.020194
2004,70,0.015096,0.033188,0.02258
2004,71,0.016864,0.036715,0.024826
2004,72,0.019778,0.041956,0.028362
2004,73,0.021521,0.043688,0.029686
2004,74,0.025747,0.051385,0.035007
2004,75,0.029594,0.054728,0.038572
2004,76,0.033954,0.059931,0.042957
2004,77,0.039383,0.068968,0.049483
2004,78,0.043873,0.073464,0.053787
2004,79,0.0502,0.081376,0.060774
2004,80,0.054447,0.089425,0.066037
2004,81,0.070353,0.105304,0.081486
2004,82,0.074071,0.111429,0.085667
2004,83,0.083944,0.121887,0.09561
2004,84,0.094192,0.131664,0.105574
2004,85,0.104238,0.141135,0.115075
2004,86,0.120257,0.162722,0.131939
2004,87,0.134999,0.184734,0.147728
2004,88,0.153861,0.189561,0.162499
2004,89,0.161316,0.20277,0.170872
2004,90,0.17349,0.231078,0.186016
2004,91,0.200068,0.253516,0.211281
2004,92,0.226612,0.251556,0.231823
2004,93,0.253201,0.270774,0.256889
2004,94,0.242908,0.277911,0.250201
2004,95,0.298101,0.341691,0.306499
2004,96,0.284289,0.331543,0.292357
2004,97,0.332445,0.379882,0.340011
2004,98,0.332171,0.327706,0.331489
2004,99,0.37315,0.451754,0.384085
2004,100,0.444745,0.354241,0.433137
2004,101,0.482468,0.365136,0.467764
2004,102,0.521638,0.381137,0.505309
2004,103,0.56366,0.410582,0.54764
2004,104,0.610019,0.460289,0.596384
2004,105,0.661824,0.535082,0.652148
2004,106,0.726812,0.968182,0.737118
2004,107,0.818781,.,0.818781
2004,108,0.943318,.,0.943318
2004,109,1.202335,.,1.202335
2004,110,2.190231,.,2.190231
2005,0,0.004122,0.004391,0.004261
2005,1,0.000456,0.000442,0.000449
2005,2,0.000223,0.000312,0.000269
2005,3,0.000208,0.000329,0.000271
2005,4,0.000135,0.000263,0.000202
2005,5,0.000179,0.000221,0.000201
2005,6,0.00017,0.000231,0.000202
2005,7,0.000162,0.000198,0.00018
2005,8,0.000139,0.000208,0.000175
2005,9,0.000112,0.000165,0.00014
2005,10,0.000115,0.000143,0.00013
2005,11,0.000126,0.000131,0.000129
2005,12,0.00013,0.000171,0.000152
2005,13,0.000136,0.000169,0.000154
2005,14,0.000139,0.000211,0.000177
2005,15,0.000153,0.0003,0.000231
2005,16,0.000202,0.000357,0.000283
2005,17,0.00024,0.000393,0.00032
2005,18,0.00029,0.000477,0.000388
2005,19,0.000226,0.000506,0.000372
2005,20,0.000322,0.000548,0.000439
2005,21,0.000385,0.000559,0.000475
2005,22,0.000417,0.000581,0.000501
2005,23,0.000427,0.000566,0.000498
2005,24,0.000381,0.000654,0.000521
2005,25,0.000448,0.000748,0.000601
2005,26,0.000455,0.000651,0.000555
2005,27,0.00043,0.000754,0.000596
2005,28,0.0004,0.000779,0.000593
2005,29,0.000479,0.00075,0.000617
2005,30,0.00053,0.000909,0.000723
2005,31,0.000506,0.001008,0.000761
2005,32,0.000579,0.000919,0.000752
2005,33,0.000568,0.00097,0.000774
2005,34,0.000572,0.001189,0.000888
2005,35,0.000584,0.001135,0.000864
2005,36,0.000718,0.00142,0.001073
2005,37,0.000736,0.00148,0.001109
2005,38,0.000824,0.001738,0.001292
2005,39,0.000915,0.001874,0.00141
2005,40,0.00089,0.00217,0.001542
2005,41,0.000877,0.002211,0.001563
2005,42,0.001083,0.00272,0.001928
2005,43,0.001118,0.002779,0.001967
2005,44,0.00123,0.003297,0.002274
2005,45,0.001335,0.003758,0.002558
2005,46,0.001369,0.00398,0.002696
2005,47,0.001652,0.004383,0.003047
2005,48,0.001819,0.004563,0.003216
2005,49,0.00168,0.005126,0.003413
2005,50,0.002017,0.005617,0.003828
2005,51,0.001901,0.00591,0.003925
2005,52,0.002302,0.006315,0.004313
2005,53,0.002468,0.007276,0.004879
2005,54,0.002529,0.007373,0.004956
2005,55,0.002743,0.008213,0.005479
2005,56,0.003041,0.008529,0.00578
2005,57,0.003096,0.009084,0.006061
2005,58,0.003682,0.009908,0.006751
2005,59,0.003668,0.009766,0.006664
2005,60,0.0045,0.01223,0.008225
2005,61,0.004693,0.01214,0.008225
2005,62,0.005419,0.015099,0.010001
2005,63,0.005969,0.016041,0.010712
2005,64,0.006515,0.017514,0.011618
2005,65,0.007384,0.01957,0.01297
2005,66,0.008195,0.02151,0.014235
2005,67,0.009291,0.023005,0.015433
2005,68,0.010755,0.026329,0.017614
2005,69,0.012101,0.029194,0.019462
2005,70,0.013714,0.032588,0.021647
2005,71,0.0162,0.035945,0.024277
2005,72,0.018469,0.037975,0.0262
2005,73,0.02121,0.043405,0.029689
2005,74,0.023247,0.045966,0.031496
2005,75,0.028079,0.052801,0.036864
2005,76,0.032748,0.060045,0.042346
2005,77,0.037179,0.064777,0.04657
2005,78,0.042092,0.071986,0.052103
2005,79,0.048991,0.080174,0.059226
2005,80,0.056742,0.092168,0.068403
2005,81,0.058073,0.093794,0.069638
2005,82,0.07749,0.112115,0.088256
2005,83,0.079305,0.11854,0.091172
2005,84,0.090199,0.126094,0.100947
2005,85,0.10193,0.143607,0.114261
2005,86,0.110459,0.15867,0.124211
2005,87,0.130429,0.172742,0.141688
2005,88,0.147614,0.207149,0.162316
2005,89,0.160992,0.220747,0.174905
2005,90,0.169811,0.225035,0.182014
2005,91,0.198419,0.236361,0.206332
2005,92,0.22211,0.276103,0.233044
2005,93,0.228593,0.272054,0.237421
2005,94,0.256365,0.288045,0.262856
2005,95,0.255635,0.284013,0.261413
2005,96,0.320478,0.331259,0.322504
2005,97,0.334161,0.324326,0.332526
2005,98,0.34885,0.368583,0.351953
2005,99,0.339573,0.364004,0.343238
2005,100,0.427043,0.428203,0.427202
2005,101,0.459187,0.44917,0.457839
2005,102,0.492959,0.47072,0.489993
2005,103,0.527067,0.502716,0.524018
2005,104,0.563745,0.567919,0.564213
2005,105,0.606202,0.693291,0.614432
2005,106,0.656911,0.931727,0.676947
2005,107,0.73384,1.8,0.760198
2005,108,0.876342,.,0.876342
2005,109,1.153846,.,1.153846
2005,110,2.5,.,2.5
2006,0,0.00373,0.004421,0.004088
2006,1,0.000411,0.000433,0.000423
2006,2,0.000271,0.000306,0.000289
2006,3,0.00021,0.000264,0.000238
2006,4,0.000211,0.000179,0.000195
2006,5,0.000187,0.000206,0.000197
2006,6,0.000136,0.0002,0.00017
2006,7,0.00016,0.000167,0.000164
2006,8,0.000124,0.000145,0.000135
2006,9,0.000099,0.000152,0.000127
2006,10,0.000079,0.000143,0.000113
2006,11,0.00007,0.00012,0.000096
2006,12,0.00009,0.000168,0.000132
2006,13,0.000163,0.000221,0.000193
2006,14,0.000154,0.000217,0.000187
2006,15,0.000132,0.000276,0.000209
2006,16,0.00019,0.000306,0.000251
2006,17,0.000239,0.000403,0.000325
2006,18,0.000216,0.000434,0.00033
2006,19,0.000267,0.00054,0.000409
2006,20,0.000252,0.000464,0.000363
2006,21,0.000303,0.000464,0.000387
2006,22,0.000344,0.000515,0.000432
2006,23,0.000351,0.000534,0.000445
2006,24,0.000313,0.00056,0.00044
2006,25,0.00039,0.000611,0.000504
2006,26,0.000362,0.000579,0.000472
2006,27,0.000378,0.000699,0.000543
2006,28,0.000345,0.000763,0.000558
2006,29,0.000389,0.000792,0.000594
2006,30,0.0004,0.000755,0.000581
2006,31,0.000423,0.00079,0.00061
2006,32,0.000476,0.000855,0.000669
2006,33,0.000499,0.000909,0.000708
2006,34,0.000544,0.000905,0.000729
2006,35,0.000571,0.001073,0.000828
2006,36,0.000564,0.001196,0.000886
2006,37,0.000653,0.001413,0.001037
2006,38,0.000763,0.001534,0.00115
2006,39,0.00082,0.001707,0.001274
2006,40,0.000879,0.001973,0.001444
2006,41,0.000893,0.00221,0.001564
2006,42,0.000886,0.002279,0.001602
2006,43,0.001126,0.002996,0.002091
2006,44,0.001029,0.0027,0.001883
2006,45,0.001279,0.003446,0.002373
2006,46,0.001233,0.00394,0.002598
2006,47,0.001469,0.003959,0.002733
2006,48,0.001592,0.004378,0.003014
2006,49,0.00153,0.004787,0.003186
2006,50,0.001783,0.005289,0.003543
2006,51,0.00202,0.005695,0.003866
2006,52,0.002048,0.006046,0.004063
2006,53,0.002422,0.006455,0.004438
2006,54,0.002526,0.007537,0.005032
2006,55,0.002394,0.007819,0.005105
2006,56,0.002974,0.008414,0.005687
2006,57,0.003001,0.008788,0.005882
2006,58,0.003436,0.009194,0.00628
2006,59,0.003687,0.010354,0.006964
2006,60,0.003771,0.009966,0.006806
2006,61,0.004303,0.012297,0.008141
2006,62,0.004783,0.012976,0.008652
2006,63,0.005422,0.014625,0.009758
2006,64,0.005871,0.016353,0.010782
2006,65,0.007073,0.018004,0.012117
2006,66,0.007931,0.020327,0.013577
2006,67,0.008729,0.022694,0.015019
2006,68,0.009737,0.024619,0.01635
2006,69,0.011307,0.028324,0.018737
2006,70,0.013273,0.030706,0.020705
2006,71,0.014849,0.033864,0.022758
2006,72,0.017111,0.036364,0.024898
2006,73,0.018639,0.040086,0.027034
2006,74,0.022372,0.046961,0.031635
2006,75,0.025026,0.049248,0.033684
2006,76,0.030904,0.055978,0.039672
2006,77,0.034935,0.064378,0.045099
2006,78,0.039175,0.071558,0.049985
2006,79,0.044957,0.079236,0.056196
2006,80,0.052623,0.083113,0.062446
2006,81,0.061684,0.097125,0.073083
2006,82,0.06384,0.103428,0.07635
2006,83,0.082847,0.119836,0.094055
2006,84,0.090357,0.130679,0.102227
2006,85,0.098464,0.139475,0.110399
2006,86,0.109729,0.155037,0.122731
2006,87,0.1254,0.16494,0.136335
2006,88,0.141726,0.187307,0.153446
2006,89,0.159966,0.209395,0.171676
2006,90,0.172586,0.228476,0.185044
2006,91,0.187053,0.223154,0.194738
2006,92,0.219794,0.243429,0.22457
2006,93,0.24337,0.269225,0.248444
2006,94,0.253953,0.2837,0.25984
2006,95,0.255951,0.308894,0.266504
2006,96,0.284395,0.3169,0.290881
2006,97,0.320938,0.394698,0.334519
2006,98,0.343132,0.338831,0.342438
2006,99,0.346578,0.412776,0.356774
2006,100,0.396768,0.405467,0.398041
2006,101,0.420628,0.426742,0.421466
2006,102,0.445025,0.44889,0.445547
2006,103,0.469251,0.471257,0.469522
2006,104,0.492261,0.511945,0.494736
2006,105,0.517095,0.619878,0.528146
2006,106,0.549691,0.889919,0.576616
2006,107,0.595837,1.980296,0.64939
2006,108,0.688908,.,0.688908
2006,109,0.95916,.,0.95916
2006,110,2.092308,.,2.092308
2007,0,0.003585,0.004078,0.003839
2007,1,0.000383,0.000454,0.00042
2007,2,0.000226,0.0003,0.000264
2007,3,0.000189,0.000234,0.000212
2007,4,0.000201,0.000217,0.000209
2007,5,0.000136,0.00019,0.000164
2007,6,0.000173,0.000168,0.00017
2007,7,0.000129,0.000206,0.00017
2007,8,0.000103,0.000143,0.000124
2007,9,0.000092,0.000105,0.000099
2007,10,0.000083,0.00013,0.000107
2007,11,0.000073,0.000143,0.00011
2007,12,0.000112,0.00016,0.000137
2007,13,0.000127,0.000144,0.000136
2007,14,0.000145,0.000215,0.000183
2007,15,0.000181,0.000291,0.000239
2007,16,0.000184,0.000388,0.000292
2007,17,0.00019,0.000516,0.000363
2007,18,0.000216,0.000546,0.000389
2007,19,0.000278,0.000469,0.000378
2007,20,0.000321,0.000531,0.000431
2007,21,0.000331,0.000438,0.000387
2007,22,0.000407,0.000572,0.000493
2007,23,0.000497,0.000587,0.000543
2007,24,0.000473,0.000594,0.000535
2007,25,0.000478,0.000702,0.000593
2007,26,0.000494,0.000701,0.0006
2007,27,0.000455,0.000832,0.000647
2007,28,0.000423,0.000725,0.000578
2007,29,0.000509,0.000719,0.000616
2007,30,0.00054,0.000767,0.000655
2007,31,0.000626,0.000793,0.000711
2007,32,0.000602,0.000871,0.000739
2007,33,0.000588,0.000928,0.00076
2007,34,0.000568,0.000971,0.000773
2007,35,0.000623,0.00099,0.000811
2007,36,0.000699,0.001145,0.000927
2007,37,0.000704,0.001257,0.000986
2007,38,0.000708,0.001485,0.001101
2007,39,0.000773,0.001567,0.001171
2007,40,0.000835,0.001893,0.001376
2007,41,0.000887,0.002067,0.001496
2007,42,0.000964,0.002455,0.001723
2007,43,0.000982,0.002579,0.001803
2007,44,0.001179,0.002965,0.002099
2007,45,0.001277,0.00293,0.002121
2007,46,0.001407,0.003659,0.002543
2007,47,0.001466,0.003756,0.00262
2007,48,0.001527,0.004264,0.002914
2007,49,0.001563,0.004681,0.003152
2007,50,0.001681,0.004958,0.003344
2007,51,0.001795,0.005236,0.00352
2007,52,0.001989,0.005841,0.00392
2007,53,0.002164,0.005977,0.004082
2007,54,0.002194,0.006627,0.004406
2007,55,0.002598,0.007606,0.005097
2007,56,0.00252,0.007767,0.005135
2007,57,0.002845,0.0084,0.005609
2007,58,0.003208,0.009185,0.006176
2007,59,0.003403,0.009836,0.006571
2007,60,0.004058,0.010748,0.007337
2007,61,0.00404,0.010267,0.00708
2007,62,0.00464,0.013013,0.008644
2007,63,0.00503,0.013085,0.008818
2007,64,0.005842,0.015698,0.010465
2007,65,0.006697,0.017051,0.011522
2007,66,0.007462,0.018983,0.012746
2007,67,0.008368,0.021853,0.014469
2007,68,0.009072,0.023414,0.015482
2007,69,0.01063,0.026016,0.017411
2007,70,0.011985,0.029231,0.019443
2007,71,0.014079,0.031467,0.021418
2007,72,0.01671,0.035617,0.024491
2007,73,0.018121,0.038248,0.026163
2007,74,0.021456,0.042658,0.029647
2007,75,0.025006,0.05092,0.034626
2007,76,0.027421,0.054956,0.037098
2007,77,0.033569,0.060673,0.042875
2007,78,0.038311,0.067822,0.048308
2007,79,0.043169,0.07311,0.052953
2007,80,0.049121,0.082977,0.05995
2007,81,0.055478,0.092846,0.067234
2007,82,0.065578,0.105747,0.078166
2007,83,0.070149,0.110673,0.08262
2007,84,0.088792,0.129846,0.100896
2007,85,0.095214,0.137797,0.107383
2007,86,0.105069,0.153841,0.118818
2007,87,0.120254,0.169164,0.133842
2007,88,0.133629,0.18387,0.147079
2007,89,0.15205,0.193564,0.162357
2007,90,0.1694,0.214372,0.179658
2007,91,0.185675,0.23938,0.197191
2007,92,0.206925,0.278712,0.221652
2007,93,0.228541,0.267932,0.236228
2007,94,0.251711,0.315277,0.263775
2007,95,0.27251,0.312008,0.280037
2007,96,0.303933,0.325284,0.308069
2007,97,0.30511,0.374651,0.318569
2007,98,0.30709,0.318062,0.309041
2007,99,0.368236,0.388432,0.371418
2007,100,0.405811,0.446312,0.411842
2007,101,0.431822,0.471288,0.437477
2007,102,0.458096,0.498551,0.463529
2007,103,0.485178,0.527638,0.490809
2007,104,0.512393,0.559492,0.518608
2007,105,0.537361,0.631354,0.548611
2007,106,0.566989,0.882834,0.595563
2007,107,0.612179,2.334842,0.677403
2007,108,0.687453,.,0.687453
2007,109,0.89603,.,0.89603
2007,110,2.201835,.,2.201835
2008,0,0.003285,0.003529,0.003411
2008,1,0.000337,0.000429,0.000384
2008,2,0.000184,0.000299,0.000244
2008,3,0.000203,0.000223,0.000213
2008,4,0.000124,0.000175,0.00015
2008,5,0.000141,0.000169,0.000156
2008,6,0.000143,0.000146,0.000145
2008,7,0.000135,0.000136,0.000136
2008,8,0.00011,0.000164,0.000138
2008,9,0.000097,0.00011,0.000104
2008,10,0.00007,0.000128,0.0001
2008,11,0.000096,0.000101,0.000099
2008,12,0.0001,0.000162,0.000133
2008,13,0.000124,0.000125,0.000125
2008,14,0.000163,0.000166,0.000164
2008,15,0.00016,0.000262,0.000214
2008,16,0.000223,0.00032,0.000274
2008,17,0.000158,0.000448,0.000312
2008,18,0.000206,0.000481,0.000352
2008,19,0.000249,0.000449,0.000354
2008,20,0.000254,0.000472,0.000368
2008,21,0.000345,0.000448,0.000398
2008,22,0.000396,0.000597,0.000501
2008,23,0.000442,0.000648,0.000549
2008,24,0.000391,0.000684,0.000542
2008,25,0.00048,0.000677,0.000581
2008,26,0.000515,0.000703,0.000611
2008,27,0.000438,0.000756,0.000601
2008,28,0.000489,0.000802,0.000648
2008,29,0.000483,0.000786,0.000638
2008,30,0.000525,0.000679,0.000604
2008,31,0.00055,0.000708,0.000631
2008,32,0.000555,0.000796,0.000678
2008,33,0.000579,0.000828,0.000706
2008,34,0.000576,0.001022,0.000803
2008,35,0.000584,0.001112,0.000853
2008,36,0.000636,0.001222,0.000937
2008,37,0.000706,0.001307,0.001013
2008,38,0.000696,0.001441,0.001075
2008,39,0.000787,0.001576,0.001186
2008,40,0.00088,0.001822,0.001353
2008,41,0.000918,0.001945,0.001443
2008,42,0.000954,0.002185,0.001589
2008,43,0.001012,0.002652,0.001847
2008,44,0.001101,0.002689,0.001917
2008,45,0.001287,0.003115,0.002229
2008,46,0.001234,0.003127,0.0022
2008,47,0.001362,0.00388,0.002631
2008,48,0.001477,0.004222,0.002858
2008,49,0.001581,0.004308,0.002962
2008,50,0.001696,0.00473,0.00324
2008,51,0.001924,0.00513,0.003549
2008,52,0.001858,0.005309,0.003585
2008,53,0.002102,0.006104,0.004105
2008,54,0.002186,0.006509,0.004357
2008,55,0.00227,0.006982,0.004616
2008,56,0.002743,0.007933,0.005327
2008,57,0.002827,0.008218,0.005508
2008,58,0.002955,0.009012,0.00596
2008,59,0.003369,0.009324,0.006317
2008,60,0.00376,0.009935,0.006793
2008,61,0.004178,0.011393,0.007704
2008,62,0.003951,0.010778,0.007273
2008,63,0.004796,0.013424,0.008906
2008,64,0.005212,0.013758,0.009215
2008,65,0.005895,0.015845,0.010538
2008,66,0.006797,0.018354,0.012152
2008,67,0.007356,0.019846,0.013048
2008,68,0.008672,0.022213,0.014752
2008,69,0.010087,0.024939,0.016674
2008,70,0.011286,0.027105,0.018196
2008,71,0.012689,0.031758,0.020855
2008,72,0.015455,0.03395,0.023177
2008,73,0.017661,0.039092,0.026378
2008,74,0.018828,0.042048,0.027986
2008,75,0.021954,0.046146,0.031162
2008,76,0.025781,0.051452,0.035157
2008,77,0.02912,0.05596,0.038385
2008,78,0.035901,0.064278,0.045463
2008,79,0.03959,0.072666,0.050575
2008,80,0.047835,0.081069,0.058499
2008,81,0.051505,0.094422,0.064889
2008,82,0.059038,0.097634,0.070846
2008,83,0.070359,0.109699,0.082353
2008,84,0.074399,0.117362,0.087256
2008,85,0.096857,0.146177,0.110954
2008,86,0.099073,0.146821,0.112259
2008,87,0.111943,0.163617,0.125995
2008,88,0.12445,0.183145,0.140156
2008,89,0.141929,0.201599,0.157309
2008,90,0.156403,0.215318,0.170469
2008,91,0.178464,0.238397,0.191554
2008,92,0.206237,0.24596,0.214373
2008,93,0.205079,0.239407,0.21186
2008,94,0.230554,0.250779,0.234373
2008,95,0.25499,0.299818,0.263188
2008,96,0.276723,0.32007,0.284733
2008,97,0.314155,0.33654,0.318367
2008,98,0.337969,0.392143,0.34818
2008,99,0.37416,0.39955,0.378573
2008,100,0.378933,0.365605,0.376887
2008,101,0.405402,0.383564,0.40218
2008,102,0.431558,0.402347,0.427394
2008,103,0.458069,0.42429,0.45355
2008,104,0.486875,0.450206,0.482042
2008,105,0.515224,0.478002,0.510345
2008,106,0.541155,0.569941,0.544411
2008,107,0.575316,1.130435,0.609818
2008,108,0.641359,.,0.641359
2008,109,0.782201,.,0.782201
2008,110,1.465517,.,1.465517
2009,0,0.003132,0.00338,0.00326
2009,1,0.000353,0.000317,0.000335
2009,2,0.000208,0.000229,0.000219
2009,3,0.000212,0.000163,0.000187
2009,4,0.000124,0.000137,0.000131
2009,5,0.000146,0.000163,0.000155
2009,6,0.000103,0.000201,0.000154
2009,7,0.00008,0.000205,0.000145
2009,8,0.000118,0.000127,0.000122
2009,9,0.000083,0.000179,0.000133
2009,10,0.000083,0.00014,0.000113
2009,11,0.000095,0.000114,0.000105
2009,12,0.000105,0.000155,0.000131
2009,13,0.000136,0.000151,0.000144
2009,14,0.000127,0.000184,0.000157
2009,15,0.000163,0.000242,0.000205
2009,16,0.000213,0.000364,0.000294
2009,17,0.000223,0.000443,0.000339
2009,18,0.000252,0.000466,0.000365
2009,19,0.000283,0.000434,0.000363
2009,20,0.000293,0.00048,0.000392
2009,21,0.000319,0.00051,0.000419
2009,22,0.000345,0.000566,0.00046
2009,23,0.000465,0.000603,0.000537
2009,24,0.000474,0.000697,0.000589
2009,25,0.000546,0.000718,0.000635
2009,26,0.000501,0.000685,0.000595
2009,27,0.000494,0.000715,0.000607
2009,28,0.000536,0.000757,0.000649
2009,29,0.000535,0.00084,0.000691
2009,30,0.000674,0.00089,0.000784
2009,31,0.000563,0.000917,0.000744
2009,32,0.000558,0.000926,0.000745
2009,33,0.000697,0.00094,0.000821
2009,34,0.000609,0.001008,0.000812
2009,35,0.000676,0.001052,0.000867
2009,36,0.000678,0.001272,0.00098
2009,37,0.000672,0.001288,0.000988
2009,38,0.000884,0.001409,0.001152
2009,39,0.000758,0.00164,0.001207
2009,40,0.000881,0.001809,0.00135
2009,41,0.000858,0.002061,0.001462
2009,42,0.000935,0.002296,0.001631
2009,43,0.000983,0.002419,0.001724
2009,44,0.001104,0.002769,0.001951
2009,45,0.001215,0.002838,0.002048
2009,46,0.001264,0.003486,0.002408
2009,47,0.001243,0.003313,0.002298
2009,48,0.001392,0.003989,0.0027
2009,49,0.001596,0.00449,0.003051
2009,50,0.001685,0.004782,0.003251
2009,51,0.001774,0.005137,0.003483
2009,52,0.00184,0.005602,0.003744
2009,53,0.00204,0.005868,0.003952
2009,54,0.002163,0.006663,0.004411
2009,55,0.002292,0.006876,0.004589
2009,56,0.002521,0.006908,0.0047
2009,57,0.002744,0.007908,0.005309
2009,58,0.002906,0.007911,0.005388
2009,59,0.003108,0.009271,0.006158
2009,60,0.003453,0.009702,0.006538
2009,61,0.003849,0.010382,0.007047
2009,62,0.004415,0.011927,0.008073
2009,63,0.00431,0.011744,0.007913
2009,64,0.005255,0.014363,0.009575
2009,65,0.005562,0.014485,0.009722
2009,66,0.00632,0.017052,0.0113
2009,67,0.007365,0.018669,0.012571
2009,68,0.007685,0.021221,0.01381
2009,69,0.009716,0.022802,0.015547
2009,70,0.010879,0.026104,0.017577
2009,71,0.012257,0.028405,0.019245
2009,72,0.014034,0.032981,0.022062
2009,73,0.015933,0.035804,0.024133
2009,74,0.018064,0.039093,0.026508
2009,75,0.021241,0.043818,0.030021
2009,76,0.025445,0.047609,0.033758
2009,77,0.028698,0.055222,0.03823
2009,78,0.031042,0.060264,0.040944
2009,79,0.037852,0.069617,0.048335
2009,80,0.04319,0.077634,0.054399
2009,81,0.049381,0.085421,0.06066
2009,82,0.056503,0.094128,0.067923
2009,83,0.063256,0.100718,0.074409
2009,84,0.074341,0.120167,0.087914
2009,85,0.07904,0.124139,0.092115
2009,86,0.09936,0.14647,0.112381
2009,87,0.103265,0.152026,0.116257
2009,88,0.113652,0.165737,0.127273
2009,89,0.135905,0.185442,0.14864
2009,90,0.146977,0.20781,0.162016
2009,91,0.166208,0.204376,0.174947
2009,92,0.187031,0.240417,0.198247
2009,93,0.202631,0.252643,0.21249
2009,94,0.219159,0.283339,0.231408
2009,95,0.251833,0.324518,0.26498
2009,96,0.262987,0.302315,0.269864
2009,97,0.279039,0.38519,0.297851
2009,98,0.313402,0.329012,0.316223
2009,99,0.307969,0.355992,0.316837
2009,100,0.393119,0.309533,0.378596
2009,101,0.426482,0.314377,0.408375
2009,102,0.460636,0.319224,0.438346
2009,103,0.495166,0.323394,0.468568
2009,104,0.531975,0.329991,0.502176
2009,105,0.574158,0.340262,0.539776
2009,106,0.619547,0.352463,0.579852
2009,107,0.660633,0.434125,0.632875
2009,108,0.724832,0,0.680023
2009,109,0.881857,.,0.881857
2009,110,1.700405,.,1.700405
2010,0,0.002971,0.003995,0.003499
2010,1,0.000318,0.000347,0.000333
2010,2,0.000191,0.000204,0.000198
2010,3,0.000146,0.000199,0.000173
2010,4,0.000118,0.000145,0.000132
2010,5,0.000074,0.000124,0.0001
2010,6,0.000081,0.000131,0.000107
2010,7,0.000098,0.000161,0.000131
2010,8,0.000064,0.000091,0.000078
2010,9,0.000097,0.000149,0.000124
2010,10,0.00008,0.000118,0.0001
2010,11,0.00007,0.000104,0.000088
2010,12,0.000108,0.00012,0.000114
2010,13,0.00013,0.000181,0.000156
2010,14,0.000127,0.000206,0.000169
2010,15,0.000149,0.000213,0.000183
2010,16,0.000175,0.000348,0.000267
2010,17,0.00016,0.000409,0.000292
2010,18,0.000226,0.000438,0.000338
2010,19,0.000297,0.000489,0.000399
2010,20,0.00026,0.000455,0.000363
2010,21,0.0003,0.000511,0.000411
2010,22,0.00035,0.000624,0.000493
2010,23,0.000355,0.000601,0.000483
2010,24,0.000402,0.000601,0.000506
2010,25,0.000454,0.000731,0.000597
2010,26,0.000443,0.000697,0.000574
2010,27,0.000451,0.000804,0.000632
2010,28,0.000465,0.000763,0.000617
2010,29,0.000546,0.000751,0.000651
2010,30,0.000508,0.000832,0.000673
2010,31,0.000539,0.000909,0.000728
2010,32,0.000535,0.000952,0.000748
2010,33,0.000482,0.000891,0.00069
2010,34,0.000618,0.000924,0.000774
2010,35,0.000612,0.001131,0.000876
2010,36,0.00067,0.001238,0.000958
2010,37,0.000701,0.001252,0.000981
2010,38,0.00074,0.001266,0.00101
2010,39,0.000841,0.001531,0.001194
2010,40,0.000785,0.001684,0.001242
2010,41,0.000895,0.002041,0.001474
2010,42,0.000877,0.00219,0.001535
2010,43,0.000977,0.00237,0.001689
2010,44,0.00108,0.002729,0.00193
2010,45,0.001165,0.002953,0.002074
2010,46,0.001268,0.00309,0.002202
2010,47,0.001381,0.003489,0.002466
2010,48,0.001416,0.003772,0.002616
2010,49,0.001581,0.004352,0.002975
2010,50,0.001602,0.004558,0.003086
2010,51,0.001793,0.004769,0.003296
2010,52,0.001871,0.005366,0.003644
2010,53,0.001984,0.005698,0.003861
2010,54,0.002092,0.006231,0.004156
2010,55,0.002249,0.006887,0.004561
2010,56,0.002299,0.006736,0.004517
2010,57,0.002395,0.007692,0.005021
2010,58,0.002923,0.008862,0.005865
2010,59,0.002974,0.008885,0.005897
2010,60,0.003285,0.009986,0.006591
2010,61,0.003698,0.010656,0.007123
2010,62,0.003991,0.010625,0.007228
2010,63,0.004825,0.012613,0.008604
2010,64,0.004516,0.012128,0.008191
2010,65,0.005584,0.01512,0.010087
2010,66,0.005972,0.015194,0.010249
2010,67,0.007271,0.018118,0.012277
2010,68,0.008284,0.020441,0.013848
2010,69,0.008908,0.021735,0.01467
2010,70,0.010405,0.02541,0.01704
2010,71,0.011506,0.028436,0.018889
2010,72,0.013326,0.031261,0.021011
2010,73,0.015534,0.035698,0.023983
2010,74,0.017766,0.038955,0.026404
2010,75,0.021175,0.043682,0.030096
2010,76,0.023694,0.048432,0.033175
2010,77,0.026958,0.054021,0.036953
2010,78,0.032571,0.061823,0.042896
2010,79,0.036252,0.069343,0.047238
2010,80,0.043927,0.075246,0.054037
2010,81,0.047803,0.085146,0.05967
2010,82,0.056342,0.094108,0.067858
2010,83,0.064554,0.102945,0.075898
2010,84,0.071843,0.112147,0.083498
2010,85,0.084239,0.132085,0.097964
2010,86,0.085508,0.138771,0.100436
2010,87,0.11176,0.162765,0.125359
2010,88,0.116875,0.16665,0.129648
2010,89,0.128143,0.183191,0.141989
2010,90,0.15241,0.204632,0.165305
2010,91,0.162936,0.220354,0.176589
2010,92,0.185887,0.250959,0.20018
2010,93,0.205696,0.255421,0.215674
2010,94,0.224104,0.271669,0.233069
2010,95,0.239251,0.317253,0.253365
2010,96,0.265526,0.303722,0.272092
2010,97,0.298593,0.315245,0.301383
2010,98,0.317899,0.302744,0.315286
2010,99,0.340141,0.379117,0.347091
2010,100,0.376167,0.453375,0.390193
2010,101,0.407935,0.48662,0.421679
2010,102,0.440556,0.521786,0.45389
2010,103,0.473258,0.562243,0.48767
2010,104,0.50592,0.611231,0.522771
2010,105,0.541516,0.6753,0.56196
2010,106,0.587106,0.756851,0.61328
2010,107,0.636956,0.885246,0.674944
2010,108,0.683028,1.346939,0.759613
2010,109,0.777563,6,0.879899
2010,110,1.419355,.,1.419355
2011,0,0.002777,0.003467,0.003132
2011,1,0.000325,0.000348,0.000337
2011,2,0.000168,0.000248,0.000209
2011,3,0.000174,0.000208,0.000191
2011,4,0.000119,0.000091,0.000105
2011,5,0.000094,0.000123,0.000109
2011,6,0.000097,0.000111,0.000104
2011,7,0.000103,0.000155,0.00013
2011,8,0.000064,0.000094,0.00008
2011,9,0.000068,0.000091,0.00008
2011,10,0.000069,0.000095,0.000083
2011,11,0.000116,0.0001,0.000108
2011,12,0.00012,0.000122,0.000121
2011,13,0.000105,0.000195,0.000152
2011,14,0.000118,0.000198,0.000159
2011,15,0.00013,0.000206,0.00017
2011,16,0.000209,0.000315,0.000265
2011,17,0.000178,0.000437,0.000317
2011,18,0.00019,0.000425,0.000315
2011,19,0.000205,0.000468,0.000344
2011,20,0.000294,0.000432,0.000367
2011,21,0.000267,0.000408,0.000342
2011,22,0.00029,0.000617,0.000462
2011,23,0.000329,0.000514,0.000426
2011,24,0.000354,0.000636,0.0005
2011,25,0.000392,0.000686,0.000545
2011,26,0.000354,0.000731,0.000549
2011,27,0.000419,0.000725,0.000576
2011,28,0.000461,0.000779,0.000624
2011,29,0.000516,0.000834,0.000679
2011,30,0.00049,0.000765,0.000631
2011,31,0.000557,0.000799,0.00068
2011,32,0.000517,0.000904,0.000715
2011,33,0.000571,0.00094,0.000759
2011,34,0.000593,0.000853,0.000725
2011,35,0.000582,0.001077,0.000834
2011,36,0.00064,0.001117,0.000883
2011,37,0.000603,0.001277,0.000945
2011,38,0.000688,0.001313,0.001006
2011,39,0.000742,0.001364,0.001061
2011,40,0.000817,0.001658,0.001247
2011,41,0.000823,0.001696,0.001267
2011,42,0.000932,0.002046,0.001495
2011,43,0.000909,0.002138,0.001524
2011,44,0.001092,0.002519,0.001821
2011,45,0.001123,0.002719,0.001944
2011,46,0.001151,0.003016,0.002098
2011,47,0.001231,0.003213,0.002246
2011,48,0.001404,0.003705,0.002586
2011,49,0.001417,0.003905,0.002682
2011,50,0.001617,0.004604,0.003117
2011,51,0.001766,0.004868,0.003321
2011,52,0.00169,0.00514,0.00343
2011,53,0.00173,0.005494,0.003636
2011,54,0.001951,0.006117,0.004051
2011,55,0.002201,0.006102,0.004142
2011,56,0.002293,0.007043,0.004657
2011,57,0.00231,0.00729,0.004793
2011,58,0.002765,0.007914,0.00531
2011,59,0.002913,0.008974,0.005907
2011,60,0.003171,0.008864,0.005979
2011,61,0.003722,0.010213,0.006915
2011,62,0.003625,0.011001,0.007243
2011,63,0.004163,0.011314,0.00764
2011,64,0.004944,0.013048,0.008862
2011,65,0.00488,0.011953,0.00828
2011,66,0.006033,0.015231,0.010357
2011,67,0.006646,0.016322,0.011111
2011,68,0.007488,0.01936,0.012935
2011,69,0.008385,0.021464,0.01433
2011,70,0.009238,0.024225,0.01592
2011,71,0.011095,0.027147,0.018131
2011,72,0.01245,0.030401,0.020201
2011,73,0.014021,0.03337,0.022225
2011,74,0.016945,0.03765,0.025519
2011,75,0.018694,0.042043,0.028091
2011,76,0.022254,0.045962,0.031518
2011,77,0.026712,0.052796,0.036554
2011,78,0.029482,0.057048,0.039486
2011,79,0.034862,0.065248,0.045386
2011,80,0.038748,0.072239,0.049629
2011,81,0.046507,0.080169,0.057121
2011,82,0.054349,0.092047,0.066033
2011,83,0.062167,0.099947,0.073382
2011,84,0.072001,0.115329,0.084443
2011,85,0.079561,0.129399,0.093502
2011,86,0.090959,0.137016,0.10371
2011,87,0.098617,0.150175,0.11256
2011,88,0.128199,0.16568,0.137851
2011,89,0.130345,0.18058,0.14278
2011,90,0.137944,0.20217,0.153422
2011,91,0.163352,0.224072,0.177698
2011,92,0.177185,0.221176,0.187213
2011,93,0.207206,0.264019,0.219167
2011,94,0.236258,0.292765,0.247099
2011,95,0.228741,0.285565,0.238916
2011,96,0.251105,0.333462,0.265231
2011,97,0.263096,0.272753,0.264701
2011,98,0.3069,0.395958,0.321488
2011,99,0.309358,0.388127,0.322414
2011,100,0.36103,0.456645,0.377118
2011,101,0.390044,0.493762,0.407551
2011,102,0.419434,0.532528,0.437709
2011,103,0.448971,0.574508,0.467904
2011,104,0.477742,0.627627,0.499749
2011,105,0.505206,0.699056,0.532664
2011,106,0.536653,0.811209,0.572155
2011,107,0.585743,1.005171,0.636741
2011,108,0.644488,1.405797,0.72406
2011,109,0.696113,6,0.788194
2011,110,0.954887,.,0.954887
2012,0,0.00283,0.003333,0.003089
2012,1,0.000305,0.000369,0.000338
2012,2,0.000123,0.000227,0.000177
2012,3,0.000158,0.000175,0.000167
2012,4,0.000085,0.000156,0.000121
2012,5,0.000159,0.000124,0.000141
2012,6,0.000108,0.000136,0.000122
2012,7,0.000074,0.000145,0.000111
2012,8,0.000094,0.000131,0.000113
2012,9,0.000111,0.000067,0.000088
2012,10,0.000088,0.00011,0.000099
2012,11,0.00008,0.000114,0.000098
2012,12,0.000057,0.000103,0.000081
2012,13,0.000057,0.000156,0.000109
2012,14,0.000105,0.000181,0.000145
2012,15,0.000183,0.000192,0.000188
2012,16,0.000188,0.000279,0.000236
2012,17,0.000179,0.000318,0.000253
2012,18,0.000169,0.000404,0.000295
2012,19,0.000184,0.000428,0.000314
2012,20,0.000238,0.000412,0.00033
2012,21,0.000217,0.00047,0.000351
2012,22,0.000273,0.000491,0.000389
2012,23,0.000273,0.000545,0.000416
2012,24,0.000314,0.000594,0.00046
2012,25,0.000313,0.000593,0.000458
2012,26,0.000355,0.000648,0.000507
2012,27,0.000311,0.000666,0.000494
2012,28,0.000415,0.000601,0.000511
2012,29,0.000403,0.000743,0.000577
2012,30,0.000496,0.000659,0.000579
2012,31,0.000478,0.000786,0.000636
2012,32,0.000508,0.000914,0.000714
2012,33,0.000546,0.000898,0.000726
2012,34,0.00056,0.000904,0.000736
2012,35,0.000503,0.001052,0.000782
2012,36,0.000569,0.001106,0.000842
2012,37,0.000615,0.001172,0.000898
2012,38,0.00061,0.00127,0.000945
2012,39,0.000667,0.001411,0.001045
2012,40,0.000729,0.00151,0.001129
2012,41,0.000813,0.00165,0.001241
2012,42,0.000897,0.001747,0.001329
2012,43,0.001003,0.002123,0.001569
2012,44,0.000963,0.002356,0.00166
2012,45,0.001149,0.002739,0.001961
2012,46,0.001203,0.002867,0.002059
2012,47,0.00122,0.003222,0.002235
2012,48,0.00125,0.003312,0.002305
2012,49,0.001444,0.004062,0.002788
2012,50,0.001416,0.003921,0.002689
2012,51,0.001617,0.004814,0.00322
2012,52,0.001678,0.00487,0.003275
2012,53,0.001947,0.005352,0.003661
2012,54,0.00198,0.005724,0.003873
2012,55,0.001945,0.006159,0.004065
2012,56,0.002098,0.006649,0.004357
2012,57,0.002315,0.007249,0.004764
2012,58,0.002605,0.007211,0.004897
2012,59,0.002754,0.008253,0.005465
2012,60,0.002939,0.009288,0.006067
2012,61,0.003171,0.009377,0.006222
2012,62,0.00367,0.010654,0.007093
2012,63,0.003894,0.011255,0.007491
2012,64,0.004379,0.011922,0.008033
2012,65,0.00512,0.013791,0.009295
2012,66,0.004804,0.013079,0.008765
2012,67,0.006414,0.016558,0.011159
2012,68,0.006672,0.016965,0.011394
2012,69,0.008259,0.020759,0.013958
2012,70,0.009656,0.024142,0.016195
2012,71,0.010752,0.025467,0.017258
2012,72,0.012527,0.029276,0.0198
2012,73,0.014156,0.032765,0.02211
2012,74,0.016764,0.037101,0.025291
2012,75,0.019073,0.042402,0.028611
2012,76,0.021802,0.046128,0.031458
2012,77,0.025611,0.052884,0.036101
2012,78,0.029349,0.05726,0.039704
2012,79,0.034247,0.064722,0.045105
2012,80,0.040719,0.074394,0.052141
2012,81,0.045715,0.081449,0.057052
2012,82,0.054356,0.091234,0.065693
2012,83,0.061317,0.10363,0.074091
2012,84,0.071482,0.109072,0.082324
2012,85,0.081297,0.128847,0.09452
2012,86,0.090505,0.137026,0.103067
2012,87,0.105723,0.158993,0.119951
2012,88,0.112953,0.166513,0.126938
2012,89,0.144248,0.198975,0.157844
2012,90,0.152084,0.206684,0.165033
2012,91,0.170513,0.221263,0.182206
2012,92,0.188742,0.233194,0.198853
2012,93,0.20104,0.259053,0.213783
2012,94,0.226856,0.290718,0.23968
2012,95,0.260752,0.292829,0.266628
2012,96,0.274101,0.299252,0.278422
2012,97,0.289567,0.373887,0.303406
2012,98,0.336238,0.383872,0.343776
2012,99,0.364082,0.360282,0.363489
2012,100,0.397276,0.461297,0.407428
2012,101,0.438252,0.495887,0.44733
2012,102,0.481973,0.533605,0.490117
2012,103,0.528766,0.572556,0.53537
2012,104,0.578964,0.615663,0.584113
2012,105,0.63,0.682128,0.63699
2012,106,0.680933,0.791687,0.694657
2012,107,0.746491,1.031707,0.775414
2012,108,0.867386,1.797753,0.934559
2012,109,1.041985,6,1.122653
2012,110,1.454545,.,1.454545
2013,0,0.002803,0.003054,0.002932
2013,1,0.000237,0.000258,0.000248
2013,2,0.00015,0.000222,0.000187
2013,3,0.000155,0.000154,0.000155
2013,4,0.000117,0.000162,0.00014
2013,5,0.000102,0.00018,0.000142
2013,6,0.000079,0.000124,0.000102
2013,7,0.000085,0.000123,0.000104
2013,8,0.000087,0.000115,0.000102
2013,9,0.00006,0.000119,0.000091
2013,10,0.00009,0.000098,0.000094
2013,11,0.00006,0.000088,0.000074
2013,12,0.000052,0.000105,0.000079
2013,13,0.00007,0.000134,0.000103
2013,14,0.00008,0.000153,0.000118
2013,15,0.000127,0.000204,0.000167
2013,16,0.000133,0.000294,0.000217
2013,17,0.000146,0.000298,0.000226
2013,18,0.00017,0.000318,0.000249
2013,19,0.000206,0.000407,0.000313
2013,20,0.000264,0.000392,0.000332
2013,21,0.000203,0.000375,0.000294
2013,22,0.000249,0.000511,0.000388
2013,23,0.000243,0.000507,0.000383
2013,24,0.000266,0.000582,0.000432
2013,25,0.000314,0.000544,0.000434
2013,26,0.000279,0.000625,0.000458
2013,27,0.000361,0.000567,0.000468
2013,28,0.000381,0.000664,0.000527
2013,29,0.000412,0.00066,0.000539
2013,30,0.000452,0.00068,0.000569
2013,31,0.000513,0.000781,0.00065
2013,32,0.000423,0.000895,0.000664
2013,33,0.000501,0.000846,0.000676
2013,34,0.000539,0.000904,0.000725
2013,35,0.000577,0.001055,0.000821
2013,36,0.000554,0.001038,0.000799
2013,37,0.000606,0.001067,0.000841
2013,38,0.000693,0.001224,0.000963
2013,39,0.000692,0.001454,0.001078
2013,40,0.000805,0.001504,0.00116
2013,41,0.000788,0.001629,0.001219
2013,42,0.000871,0.001906,0.0014
2013,43,0.000902,0.002094,0.001507
2013,44,0.000954,0.002205,0.001585
2013,45,0.001036,0.002456,0.001746
2013,46,0.001207,0.002802,0.00202
2013,47,0.001227,0.003024,0.00215
2013,48,0.001284,0.003448,0.00238
2013,49,0.001324,0.003543,0.002458
2013,50,0.001643,0.003972,0.002837
2013,51,0.001525,0.004213,0.002888
2013,52,0.00172,0.004934,0.003329
2013,53,0.001831,0.005192,0.00351
2013,54,0.002024,0.005386,0.003714
2013,55,0.001892,0.005755,0.003841
2013,56,0.00228,0.006416,0.004357
2013,57,0.002272,0.006669,0.00445
2013,58,0.002495,0.007845,0.005145
2013,59,0.002541,0.007705,0.005104
2013,60,0.002725,0.008376,0.005503
2013,61,0.003339,0.009696,0.006462
2013,62,0.003603,0.009938,0.006708
2013,63,0.004142,0.011174,0.007576
2013,64,0.004171,0.011057,0.007524
2013,65,0.004655,0.011779,0.008093
2013,66,0.005333,0.014302,0.009633
2013,67,0.005412,0.013784,0.009401
2013,68,0.006808,0.017766,0.011907
2013,69,0.007673,0.018052,0.012407
2013,70,0.009005,0.022215,0.014988
2013,71,0.010213,0.024403,0.016569
2013,72,0.012005,0.027124,0.018635
2013,73,0.013403,0.030907,0.020932
2013,74,0.01516,0.03406,0.023151
2013,75,0.017955,0.039997,0.027084
2013,76,0.020402,0.043547,0.029739
2013,77,0.023322,0.048399,0.033126
2013,78,0.028654,0.056861,0.039323
2013,79,0.033073,0.060109,0.042927
2013,80,0.037387,0.068135,0.048136
2013,81,0.043047,0.0789,0.054935
2013,82,0.049121,0.084803,0.060158
2013,83,0.05848,0.096013,0.069718
2013,84,0.066531,0.104761,0.077766
2013,85,0.077127,0.122356,0.089782
2013,86,0.087503,0.132502,0.0996
2013,87,0.097282,0.145114,0.10974
2013,88,0.11328,0.164265,0.126388
2013,89,0.121867,0.174466,0.135085
2013,90,0.152345,0.199871,0.1637
2013,91,0.153948,0.205483,0.165693
2013,92,0.172279,0.216259,0.182028
2013,93,0.197189,0.262292,0.211423
2013,94,0.204663,0.257153,0.215683
2013,95,0.252566,0.275429,0.256992
2013,96,0.260219,0.308656,0.268849
2013,97,0.268691,0.32515,0.277954
2013,98,0.281719,0.310508,0.286213
2013,99,0.314096,0.369788,0.322665
2013,100,0.36735,0.402754,0.372698
2013,101,0.407327,0.425271,0.410072
2013,102,0.451548,0.450178,0.451338
2013,103,0.500704,0.477376,0.497079
2013,104,0.556049,0.504992,0.54834
2013,105,0.619439,0.536861,0.607669
2013,106,0.687228,0.60733,0.676464
2013,107,0.75977,0.758693,0.759644
2013,108,0.872125,1.427419,0.911371
2013,109,1.19429,.,1.19429
2013,110,2.446721,.,2.446721
2014,0,0.002888,0.003325,0.003112
2014,1,0.000296,0.000239,0.000267
2014,2,0.000108,0.000171,0.00014
2014,3,0.000094,0.000105,0.0001
2014,4,0.0001,0.00012,0.00011
2014,5,0.000108,0.000115,0.000112
2014,6,0.000063,0.000088,0.000076
2014,7,0.000088,0.000095,0.000092
2014,8,0.000085,0.000096,0.000091
2014,9,0.000064,0.000081,0.000073
2014,10,0.000064,0.000083,0.000074
2014,11,0.000056,0.000071,0.000064
2014,12,0.00008,0.000084,0.000082
2014,13,0.000083,0.000105,0.000094
2014,14,0.000083,0.000143,0.000114
2014,15,0.000114,0.000223,0.000171
2014,16,0.000254,0.00031,0.000283
2014,17,0.000161,0.000339,0.000254
2014,18,0.000201,0.000326,0.000267
2014,19,0.000201,0.000409,0.000312
2014,20,0.000194,0.000362,0.000284
2014,21,0.000246,0.000416,0.000336
2014,22,0.0002,0.00045,0.000332
2014,23,0.000207,0.000411,0.000315
2014,24,0.000253,0.000501,0.000384
2014,25,0.000285,0.000522,0.000409
2014,26,0.000283,0.000595,0.000445
2014,27,0.000278,0.000532,0.000409
2014,28,0.00037,0.000576,0.000477
2014,29,0.000403,0.000715,0.000564
2014,30,0.000386,0.000755,0.000575
2014,31,0.000405,0.000829,0.000622
2014,32,0.000444,0.000763,0.000607
2014,33,0.000531,0.000756,0.000646
2014,34,0.000547,0.000849,0.000701
2014,35,0.000533,0.000965,0.000754
2014,36,0.00064,0.001014,0.000831
2014,37,0.000612,0.001069,0.000844
2014,38,0.000619,0.001208,0.000919
2014,39,0.000707,0.001379,0.001049
2014,40,0.00076,0.001471,0.00112
2014,41,0.000771,0.001489,0.001136
2014,42,0.000723,0.00174,0.001244
2014,43,0.000905,0.001849,0.001387
2014,44,0.000982,0.002181,0.001591
2014,45,0.000967,0.002327,0.001653
2014,46,0.0011,0.00256,0.00183
2014,47,0.001185,0.002851,0.002034
2014,48,0.00123,0.003189,0.002236
2014,49,0.00143,0.003505,0.00248
2014,50,0.001348,0.003704,0.002551
2014,51,0.001575,0.004478,0.003062
2014,52,0.001522,0.004543,0.003052
2014,53,0.001908,0.004865,0.003387
2014,54,0.001865,0.005446,0.003651
2014,55,0.001922,0.005695,0.003815
2014,56,0.002117,0.006075,0.00411
2014,57,0.002278,0.006291,0.004289
2014,58,0.002323,0.007099,0.004684
2014,59,0.002672,0.007883,0.005247
2014,60,0.002965,0.007919,0.005417
2014,61,0.002953,0.008625,0.005734
2014,62,0.003457,0.00978,0.006554
2014,63,0.003529,0.010121,0.00675
2014,64,0.003903,0.01107,0.007391
2014,65,0.004341,0.012125,0.008118
2014,66,0.00481,0.012882,0.008691
2014,67,0.006025,0.015082,0.010349
2014,68,0.005589,0.014414,0.009773
2014,69,0.007352,0.018368,0.012451
2014,70,0.007955,0.019542,0.013209
2014,71,0.009716,0.02297,0.015676
2014,72,0.01079,0.026279,0.017675
2014,73,0.012182,0.028048,0.019078
2014,74,0.014955,0.033117,0.022689
2014,75,0.016678,0.037316,0.025304
2014,76,0.018848,0.041412,0.028073
2014,77,0.022849,0.04642,0.032226
2014,78,0.026024,0.051549,0.035852
2014,79,0.030017,0.060644,0.041397
2014,80,0.036784,0.066728,0.0475
2014,81,0.041237,0.072263,0.051855
2014,82,0.048194,0.085164,0.06017
2014,83,0.054287,0.092293,0.065746
2014,84,0.064674,0.103748,0.076064
2014,85,0.073828,0.115924,0.085851
2014,86,0.081396,0.12892,0.094261
2014,87,0.094752,0.14465,0.1077
2014,88,0.105249,0.151494,0.116852
2014,89,0.119767,0.172505,0.132819
2014,90,0.130858,0.170887,0.140565
2014,91,0.15915,0.211067,0.17112
2014,92,0.172733,0.207073,0.180277
2014,93,0.187644,0.225194,0.195676
2014,94,0.210255,0.250677,0.218768
2014,95,0.21318,0.27861,0.226445
2014,96,0.243497,0.303404,0.25463
2014,97,0.284428,0.342191,0.294246
2014,98,0.301612,0.328362,0.305823
2014,99,0.299589,0.278123,0.296309
2014,100,0.399089,0.421674,0.402503
2014,101,0.421737,0.446627,0.425416
2014,102,0.442685,0.475424,0.447611
2014,103,0.460679,0.50893,0.467986
2014,104,0.47609,0.549676,0.48738
2014,105,0.491156,0.591097,0.506102
2014,106,0.507739,0.646995,0.527364
2014,107,0.522793,0.802448,0.558093
2014,108,0.533552,1.338983,0.604478
2014,109,0.592932,6,0.673114
2014,110,1.148248,.,1.148248
2015,0,0.002593,0.003015,0.00281
2015,1,0.00023,0.000246,0.000238
2015,2,0.000128,0.000247,0.000189
2015,3,0.000112,0.000118,0.000115
2015,4,0.000064,0.000101,0.000083
2015,5,0.000082,0.000107,0.000095
2015,6,0.000081,0.000123,0.000103
2015,7,0.00008,0.000104,0.000092
2015,8,0.000075,0.000091,0.000083
2015,9,0.000042,0.000105,0.000075
2015,10,0.000055,0.000081,0.000069
2015,11,0.000056,0.000083,0.00007
2015,12,0.000051,0.000102,0.000078
2015,13,0.000084,0.000128,0.000107
2015,14,0.00008,0.000121,0.000101
2015,15,0.000096,0.000164,0.000132
2015,16,0.000147,0.000223,0.000187
2015,17,0.000127,0.000269,0.000201
2015,18,0.000158,0.000326,0.000246
2015,19,0.000222,0.00031,0.000268
2015,20,0.000228,0.000372,0.000305
2015,21,0.000179,0.000344,0.000267
2015,22,0.000178,0.000437,0.000316
2015,23,0.000247,0.000483,0.000371
2015,24,0.00029,0.000491,0.000397
2015,25,0.000289,0.000555,0.000429
2015,26,0.000308,0.000528,0.000423
2015,27,0.000384,0.000586,0.000489
2015,28,0.000341,0.000636,0.000493
2015,29,0.000321,0.000716,0.000525
2015,30,0.000374,0.000655,0.000519
2015,31,0.000525,0.000628,0.000578
2015,32,0.00052,0.000724,0.000624
2015,33,0.000503,0.000792,0.000651
2015,34,0.000488,0.000791,0.000642
2015,35,0.000476,0.000866,0.000674
2015,36,0.000631,0.000893,0.000765
2015,37,0.000618,0.000976,0.0008
2015,38,0.000623,0.001055,0.000842
2015,39,0.000601,0.00124,0.000926
2015,40,0.000733,0.001351,0.001047
2015,41,0.000765,0.001522,0.001149
2015,42,0.000865,0.001591,0.001234
2015,43,0.000868,0.001871,0.001381
2015,44,0.000927,0.001929,0.001438
2015,45,0.000943,0.002101,0.00153
2015,46,0.001117,0.002581,0.001855
2015,47,0.001092,0.0027,0.001895
2015,48,0.001282,0.002972,0.002142
2015,49,0.001352,0.003597,0.002504
2015,50,0.001436,0.003718,0.00259
2015,51,0.001321,0.003672,0.00252
2015,52,0.001571,0.004721,0.003182
2015,53,0.001562,0.004376,0.002986
2015,54,0.001741,0.005147,0.003442
2015,55,0.001836,0.005411,0.003616
2015,56,0.002059,0.005694,0.003879
2015,57,0.00211,0.006167,0.00415
2015,58,0.002334,0.006766,0.00455
2015,59,0.002364,0.007228,0.004763
2015,60,0.002803,0.008001,0.005365
2015,61,0.002874,0.008427,0.005616
2015,62,0.003213,0.008926,0.006007
2015,63,0.003662,0.010408,0.006957
2015,64,0.003803,0.01096,0.007287
2015,65,0.004377,0.012109,0.008127
2015,66,0.004552,0.012591,0.008437
2015,67,0.0051,0.013645,0.009191
2015,68,0.00653,0.016133,0.011093
2015,69,0.006124,0.016094,0.010827
2015,70,0.008235,0.019132,0.01325
2015,71,0.009163,0.020539,0.014287
2015,72,0.010386,0.025536,0.017149
2015,73,0.012524,0.028232,0.019445
2015,74,0.013948,0.030788,0.021199
2015,75,0.016677,0.035346,0.024541
2015,76,0.018644,0.040175,0.027536
2015,77,0.02202,0.04583,0.031624
2015,78,0.026405,0.052704,0.036718
2015,79,0.029739,0.057624,0.040295
2015,80,0.034012,0.065067,0.045335
2015,81,0.040015,0.071929,0.051207
2015,82,0.046654,0.081456,0.058299
2015,83,0.056017,0.090236,0.066836
2015,84,0.061026,0.098652,0.072085
2015,85,0.072016,0.114103,0.083926
2015,86,0.08516,0.125595,0.09636
2015,87,0.095763,0.145986,0.108893
2015,88,0.110122,0.160403,0.122693
2015,89,0.119144,0.165753,0.130403
2015,90,0.13786,0.190884,0.150507
2015,91,0.144113,0.206383,0.158652
2015,92,0.188023,0.236793,0.198849
2015,93,0.190436,0.241644,0.201301
2015,94,0.205865,0.252005,0.215382
2015,95,0.233284,0.271604,0.241062
2015,96,0.245479,0.291788,0.254503
2015,97,0.276736,0.315201,0.283584
2015,98,0.301993,0.369054,0.312925
2015,99,0.333279,0.343785,0.334891
2015,100,0.373911,0.415472,0.380189
2015,101,0.393764,0.438217,0.400294
2015,102,0.412391,0.459819,0.419182
2015,103,0.431163,0.486164,0.439126
2015,104,0.448391,0.520921,0.458808
2015,105,0.464952,0.567465,0.479532
2015,106,0.48481,0.616308,0.50261
2015,107,0.510257,0.697575,0.533205
2015,108,0.536198,1.074236,0.584393
2015,109,0.561702,6,0.622721
2015,110,0.777168,.,0.777168
2016,0,0.002556,0.003048,0.002808
2016,1,0.000191,0.000301,0.000247
2016,2,0.000136,0.000192,0.000164
2016,3,0.00007,0.000104,0.000088
2016,4,0.000142,0.000094,0.000117
2016,5,0.000051,0.000145,0.000099
2016,6,0.0001,0.000103,0.000101
2016,7,0.000099,0.000081,0.00009
2016,8,0.000046,0.000096,0.000072
2016,9,0.000066,0.000083,0.000075
2016,10,0.000066,0.000074,0.00007
2016,11,0.00011,0.000124,0.000117
2016,12,0.000043,0.000087,0.000066
2016,13,0.000034,0.000075,0.000055
2016,14,0.000084,0.000106,0.000095
2016,15,0.000128,0.000155,0.000142
2016,16,0.000123,0.000246,0.000187
2016,17,0.000147,0.000254,0.000203
2016,18,0.000169,0.000375,0.000276
2016,19,0.000192,0.000408,0.000305
2016,20,0.000234,0.000356,0.000299
2016,21,0.000207,0.000249,0.000229
2016,22,0.00026,0.000413,0.000342
2016,23,0.000193,0.0005,0.000356
2016,24,0.000247,0.000483,0.000371
2016,25,0.000316,0.000483,0.000404
2016,26,0.000305,0.000577,0.000448
2016,27,0.000275,0.00059,0.000439
2016,28,0.000285,0.000568,0.000432
2016,29,0.000314,0.000592,0.000458
2016,30,0.000373,0.000617,0.000499
2016,31,0.000432,0.00071,0.000575
2016,32,0.000412,0.000748,0.000584
2016,33,0.000478,0.000695,0.000589
2016,34,0.000535,0.000816,0.000679
2016,35,0.0005,0.000826,0.000666
2016,36,0.00053,0.000817,0.000676
2016,37,0.000618,0.00096,0.000793
2016,38,0.000654,0.001008,0.000834
2016,39,0.000594,0.001242,0.000923
2016,40,0.00071,0.001344,0.001032
2016,41,0.000785,0.001505,0.001151
2016,42,0.000758,0.001672,0.001221
2016,43,0.000868,0.001665,0.001272
2016,44,0.000873,0.001887,0.001392
2016,45,0.000952,0.002088,0.001532
2016,46,0.000946,0.002289,0.001627
2016,47,0.001174,0.002683,0.001934
2016,48,0.001122,0.002764,0.001941
2016,49,0.001276,0.003063,0.002185
2016,50,0.001386,0.003751,0.002598
2016,51,0.001459,0.003676,0.002579
2016,52,0.001498,0.004057,0.002801
2016,53,0.001724,0.004648,0.003217
2016,54,0.001719,0.00442,0.003083
2016,55,0.0019,0.005391,0.00364
2016,56,0.00205,0.005477,0.003753
2016,57,0.00223,0.006127,0.004178
2016,58,0.002313,0.006357,0.004342
2016,59,0.002457,0.007,0.004724
2016,60,0.00269,0.007737,0.005174
2016,61,0.003094,0.008537,0.00577
2016,62,0.00319,0.008666,0.005886
2016,63,0.00339,0.009268,0.006256
2016,64,0.003861,0.011114,0.007391
2016,65,0.004093,0.010763,0.007329
2016,66,0.004572,0.012742,0.008518
2016,67,0.005274,0.013462,0.009214
2016,68,0.005683,0.014763,0.010011
2016,69,0.006788,0.016968,0.011601
2016,70,0.006907,0.01712,0.011699
2016,71,0.008956,0.020587,0.014276
2016,72,0.00944,0.02216,0.015131
2016,73,0.011324,0.027267,0.018381
2016,74,0.013643,0.030291,0.020913
2016,75,0.015725,0.032906,0.02305
2016,76,0.018049,0.038939,0.026751
2016,77,0.021459,0.043313,0.030368
2016,78,0.024244,0.049445,0.034265
2016,79,0.028124,0.055933,0.038855
2016,80,0.033748,0.063429,0.044781
2016,81,0.038689,0.07126,0.050331
2016,82,0.045504,0.078898,0.056961
2016,83,0.051512,0.08731,0.063209
2016,84,0.061409,0.101101,0.073667
2016,85,0.069248,0.108543,0.080449
2016,86,0.082173,0.118903,0.092277
2016,87,0.093762,0.136542,0.105255
2016,88,0.106642,0.152662,0.118249
2016,89,0.120756,0.170825,0.132819
2016,90,0.135973,0.184664,0.147282
2016,91,0.150806,0.202956,0.162737
2016,92,0.158234,0.220453,0.172162
2016,93,0.198765,0.257498,0.211258
2016,94,0.202112,0.250698,0.211996
2016,95,0.213567,0.267644,0.22429
2016,96,0.248224,0.301499,0.258646
2016,97,0.257053,0.320681,0.26898
2016,98,0.26889,0.315837,0.276864
2016,99,0.301044,0.363608,0.310808
2016,100,0.349677,0.398046,0.356825
2016,101,0.374938,0.427285,0.382523
2016,102,0.403387,0.449494,0.409891
2016,103,0.432754,0.469481,0.437813
2016,104,0.465671,0.497936,0.47016
2016,105,0.4998,0.541163,0.505447
2016,106,0.536646,0.608523,0.546107
2016,107,0.583972,0.689655,0.596893
2016,108,0.652452,0.859784,0.673889
2016,109,0.732769,1.542857,0.765661
2016,110,0.944606,.,0.944606
2017,0,0.002407,0.003009,0.002716
2017,1,0.000225,0.000228,0.000227
2017,2,0.000121,0.000137,0.000129
2017,3,0.000098,0.00012,0.000109
2017,4,0.000123,0.000129,0.000126
2017,5,0.000086,0.000146,0.000117
2017,6,0.000073,0.000133,0.000104
2017,7,0.000073,0.000111,0.000092
2017,8,0.000054,0.000072,0.000063
2017,9,0.000046,0.000088,0.000068
2017,10,0.00007,0.000099,0.000085
2017,11,0.000038,0.000039,0.000039
2017,12,0.00011,0.000102,0.000106
2017,13,0.000064,0.000135,0.000101
2017,14,0.000081,0.000095,0.000088
2017,15,0.000084,0.000128,0.000107
2017,16,0.000156,0.000248,0.000204
2017,17,0.000133,0.000286,0.000213
2017,18,0.000141,0.000312,0.00023
2017,19,0.000172,0.000337,0.000258
2017,20,0.000226,0.000341,0.000286
2017,21,0.000182,0.000346,0.000269
2017,22,0.000179,0.000418,0.000306
2017,23,0.000203,0.000427,0.000322
2017,24,0.000231,0.000488,0.000367
2017,25,0.000268,0.000497,0.000388
2017,26,0.000283,0.000533,0.000415
2017,27,0.000278,0.000533,0.000412
2017,28,0.000264,0.000615,0.000447
2017,29,0.000305,0.000637,0.000477
2017,30,0.000354,0.000602,0.000482
2017,31,0.000424,0.000629,0.00053
2017,32,0.000358,0.000762,0.000566
2017,33,0.00042,0.000645,0.000536
2017,34,0.000533,0.000678,0.000607
2017,35,0.000523,0.000864,0.000697
2017,36,0.000468,0.000869,0.000673
2017,37,0.00054,0.000926,0.000736
2017,38,0.0006,0.000987,0.000797
2017,39,0.000616,0.001223,0.000925
2017,40,0.000698,0.001202,0.000954
2017,41,0.0007,0.001266,0.000987
2017,42,0.000726,0.001505,0.001121
2017,43,0.000892,0.001604,0.001253
2017,44,0.000892,0.001779,0.001342
2017,45,0.000813,0.002007,0.001423
2017,46,0.001042,0.002199,0.001632
2017,47,0.00106,0.002516,0.001798
2017,48,0.001186,0.002666,0.001931
2017,49,0.001198,0.002948,0.00207
2017,50,0.00139,0.003358,0.00239
2017,51,0.001497,0.003787,0.002669
2017,52,0.001368,0.003894,0.002643
2017,53,0.001431,0.004105,0.002791
2017,54,0.001662,0.004727,0.003225
2017,55,0.001578,0.004746,0.003176
2017,56,0.001929,0.005676,0.003793
2017,57,0.001949,0.005963,0.003941
2017,58,0.002054,0.006446,0.004245
2017,59,0.002165,0.006634,0.004403
2017,60,0.002446,0.007119,0.004773
2017,61,0.002519,0.007755,0.005089
2017,62,0.003117,0.008776,0.005892
2017,63,0.003026,0.009023,0.005971
2017,64,0.00351,0.00966,0.006499
2017,65,0.003978,0.010959,0.007365
2017,66,0.004216,0.011835,0.007898
2017,67,0.004956,0.013242,0.008941
2017,68,0.005427,0.013977,0.009524
2017,69,0.006038,0.015412,0.010485
2017,70,0.007501,0.017792,0.012341
2017,71,0.007439,0.017424,0.012097
2017,72,0.009152,0.021733,0.014871
2017,73,0.01045,0.023467,0.01623
2017,74,0.013296,0.02945,0.020386
2017,75,0.015197,0.032517,0.02269
2017,76,0.016994,0.036873,0.025378
2017,77,0.019714,0.041244,0.028572
2017,78,0.023748,0.046042,0.032717
2017,79,0.026562,0.053167,0.036981
2017,80,0.031851,0.061929,0.043259
2017,81,0.036364,0.06745,0.047698
2017,82,0.044358,0.076913,0.055752
2017,83,0.05153,0.087133,0.063467
2017,84,0.059233,0.097844,0.07155
2017,85,0.069688,0.109638,0.081684
2017,86,0.077288,0.119007,0.088848
2017,87,0.091751,0.133568,0.102914
2017,88,0.104877,0.152787,0.117339
2017,89,0.120373,0.166155,0.131503
2017,90,0.138405,0.188027,0.149916
2017,91,0.148325,0.198582,0.159539
2017,92,0.164575,0.218122,0.176315
2017,93,0.174641,0.222241,0.184858
2017,94,0.233243,0.265561,0.239869
2017,95,0.23423,0.276881,0.242595
2017,96,0.239709,0.27909,0.247214
2017,97,0.265286,0.330845,0.277581
2017,98,0.279539,0.326457,0.287951
2017,99,0.332782,0.331902,0.332638
2017,100,0.386843,0.409369,0.390249
2017,101,0.419308,0.448196,0.423439
2017,102,0.4539,0.492845,0.459328
2017,103,0.495283,0.527493,0.499675
2017,104,0.541182,0.560135,0.543732
2017,105,0.596663,0.613971,0.599022
2017,106,0.658479,0.705699,0.664701
2017,107,0.731318,0.885882,0.749947
2017,108,0.841873,1.170088,0.875912
2017,109,1.041162,2.228571,1.119487
2017,110,1.571096,.,1.571096
2018,0,0.002468,0.003138,0.002812
2018,1,0.00023,0.000193,0.000211
2018,2,0.000148,0.000132,0.00014
2018,3,0.000097,0.000115,0.000106
2018,4,0.000065,0.00008,0.000073
2018,5,0.000062,0.000109,0.000086
2018,6,0.000069,0.000098,0.000083
2018,7,0.000038,0.000064,0.000052
2018,8,0.000091,0.000085,0.000088
2018,9,0.000072,0.000068,0.00007
2018,10,0.000093,0.000076,0.000084
2018,11,0.000044,0.000095,0.00007
2018,12,0.00008,0.000092,0.000086
2018,13,0.000106,0.000085,0.000095
2018,14,0.000133,0.000139,0.000136
2018,15,0.000171,0.000178,0.000175
2018,16,0.000164,0.000198,0.000181
2018,17,0.000139,0.000258,0.000201
2018,18,0.00017,0.000293,0.000234
2018,19,0.000208,0.000337,0.000275
2018,20,0.000232,0.000355,0.000296
2018,21,0.000217,0.000338,0.00028
2018,22,0.000274,0.000392,0.000336
2018,23,0.000292,0.000448,0.000375
2018,24,0.000263,0.00047,0.000373
2018,25,0.000278,0.000441,0.000365
2018,26,0.000294,0.000503,0.000404
2018,27,0.000257,0.000519,0.000395
2018,28,0.000298,0.000578,0.000445
2018,29,0.000317,0.0006,0.000465
2018,30,0.0004,0.000556,0.000481
2018,31,0.000407,0.000687,0.000552
2018,32,0.000421,0.000739,0.000585
2018,33,0.000485,0.000766,0.00063
2018,34,0.000478,0.000788,0.000637
2018,35,0.000462,0.000807,0.000638
2018,36,0.000545,0.000894,0.000723
2018,37,0.000584,0.000976,0.000784
2018,38,0.000624,0.001106,0.000868
2018,39,0.000669,0.001205,0.000943
2018,40,0.000704,0.001188,0.00095
2018,41,0.000664,0.001333,0.001003
2018,42,0.000806,0.001391,0.001103
2018,43,0.000816,0.001618,0.001223
2018,44,0.000858,0.001885,0.001378
2018,45,0.000916,0.002001,0.001466
2018,46,0.000989,0.002257,0.001637
2018,47,0.001045,0.002337,0.001703
2018,48,0.001133,0.00268,0.001916
2018,49,0.001326,0.003015,0.002175
2018,50,0.001303,0.003221,0.002258
2018,51,0.001384,0.003454,0.002435
2018,52,0.001584,0.003933,0.002785
2018,53,0.001574,0.004325,0.00296
2018,54,0.001676,0.004462,0.003092
2018,55,0.001741,0.005048,0.003425
2018,56,0.00177,0.005072,0.003433
2018,57,0.002104,0.005891,0.003985
2018,58,0.002157,0.006337,0.004227
2018,59,0.002352,0.006578,0.004456
2018,60,0.002364,0.007105,0.004733
2018,61,0.002667,0.007432,0.005034
2018,62,0.002903,0.00826,0.005526
2018,63,0.00323,0.009649,0.006369
2018,64,0.003383,0.009758,0.006504
2018,65,0.003757,0.010429,0.00699
2018,66,0.004236,0.012074,0.008025
2018,67,0.004645,0.012977,0.008655
2018,68,0.005541,0.014474,0.009818
2018,69,0.006039,0.015294,0.010453
2018,70,0.006602,0.016783,0.011407
2018,71,0.008017,0.019787,0.013522
2018,72,0.007821,0.019703,0.013332
2018,73,0.010575,0.024265,0.016754
2018,74,0.011756,0.025386,0.017761
2018,75,0.014313,0.032913,0.022404
2018,76,0.01704,0.036169,0.025229
2018,77,0.018936,0.039727,0.027601
2018,78,0.02351,0.047049,0.03307
2018,79,0.027288,0.052498,0.037283
2018,80,0.030549,0.058407,0.041279
2018,81,0.036111,0.069086,0.048387
2018,82,0.043359,0.078111,0.055761
2018,83,0.051407,0.087813,0.06386
2018,84,0.05885,0.097765,0.07158
2018,85,0.068224,0.109074,0.080899
2018,86,0.079333,0.120077,0.091234
2018,87,0.089462,0.132718,0.101067
2018,88,0.104216,0.152036,0.116575
2018,89,0.121046,0.169336,0.133159
2018,90,0.139419,0.188704,0.150952
2018,91,0.154924,0.201591,0.165342
2018,92,0.167981,0.214145,0.17788
2018,93,0.19575,0.227703,0.20251
2018,94,0.200023,0.259886,0.212467
2018,95,0.24728,0.291765,0.256077
2018,96,0.245135,0.314349,0.258171
2018,97,0.265018,0.311246,0.273423
2018,98,0.298802,0.382154,0.313715
2018,99,0.328439,0.378417,0.33707
2018,100,0.368079,0.372287,0.368755
2018,101,0.395518,0.410491,0.397749
2018,102,0.418219,0.454917,0.423328
2018,103,0.441253,0.510818,0.450525
2018,104,0.472197,0.550812,0.482452
2018,105,0.507298,0.588701,0.517817
2018,106,0.556191,0.667144,0.570571
2018,107,0.615315,0.848961,0.642871
2018,108,0.698276,1.426573,0.761357
2018,109,0.874699,4.285714,1.003864
2018,110,1.804822,.,1.804822
